3	aMS	10	U.
20	aMh	1	Ā.
31	ak	1	P.
137	akz	1,5	P.
205	ag	1	P.
267	aG	10	U.
280	aNk	1,10	Ā.
302	aNK	10	P.
303	aNg	1	P.
303	aNg	10	P.
336	aNgIkf	8	U.
347	aNG	1	Ā.
353	ac	1	U.
393	aj	1	P.
474	aYc	1	U.
474	aYc	10	U.
478	aYj	7	P.
497	aYjihizA	1	P.
501	aw	1	P.
510	aww	1	Ā.
519	aW	1	U.
521	aq	1,5	P.
524	aqq	1	P.
527	aR	1	P.
527	aR	4	Ā.
538	aRUBU	1	P.
539	aRW	1	Ā.
545	at	1	P.
582	atikram	1,4	U.
593	atigam	1	P.
605	atigrah	9	P.
611	aticar	1	P.
625	atijIv	1	P.
631	atitF	1	P.
640	atidiS	6	P.
657	atipat	1	P.
665	atipad	4	Ā.
690	atiBU	1	P.
746	ativah	1	P.
758	ativft	1	Ā.
776	atiSI	2	Ā.
789	atizWA	1	P.
791	atisanDA	3	U.
799	atisf	1	P.
803	atisfj	6	P.
812	atI	2	P.
854	atyasta	4	P.
903	ad	2	P.
1011	aDarIkf	8	U.
1012	aDarIBU	1	P.
1036	aDikf	8	U.
1048	aDikram	1	U.
1051	aDikzip	6	P.
1053	aDigam	1	P.
1060	aDicar	1	P.
1076	aDinI	1	P.
1115	aDiruh	1	P.
1123	aDivac	2	P.
1127	aDivas	1	P.
1127	aDivas	2	Ā.
1131	aDivAs	10	P.
1138	aDivid	6	U.
1143	aDiSI	2	Ā.
1145	aDiSri	1	U.
1151	aDizWA	1	P.
1157	aDI	2	Ā.
1202	aDyavaso	4	P.
1211	aDyas	4	P.
1214	aDyAkram	1	U.
1220	aDyAruh	1	P.
1228	aDyAs	2	Ā.
1240	aDyUh	1	U.
1255	an	2	P.
1255	an	4	Ā.
1255	an	10,1	P.
1587	aniravasita	4	P.
1653	anukaT	10	P.
1656	anukamp	1	Ā.
1673	anukf	8	U.
1685	anukfz	1	P.
1689	anukxp	1	Ā.
1694	anukrand	1	P.
1696	anukram	1,4	U.
1699	anukruS	1	P.
1705	anuKyA	2	P.
1708	anugam	1	P.
1715	anugarj	1	P.
1727	anugE	1	P.
1731	anugrah	9	P.
1738	anucar	1	P.
1744	anucint	10	P.
1749	anujan	4	Ā.
1753	anujIv	1	P.
1756	anujYA	9	U.
1762	anutap	1	P.
1762	anutap	4	Ā.
1774	anutF	1	P.
1796	anudA	3	U.
1803	anudiS	6	P.
1806	anudfS	1	P.
1821	anudru	1	P.
1826	anuDAv	1	P.
1829	anuDyE	1	P.
1834	anunad	1	P.
1837	anunand	1	P.
1844	anunI	1	P.
1859	anupaW	1	P.
1862	anupat	1	P.
1866	anupad	4	Ā.
1904	anupA	2	P.
1904	anupA	2	P.
1907	anupA	2,10	P.
1934	anuprayuj	7	Ā.
1939	anupraviS	6	P.
1947	anuprAR	2	P.
1949	anuprAp	5	P.
1953	anuplu	1	Ā.
1955	anubanD	9	P.
1964	anubuD	4	Ā.
1974	anuBuj	7	Ā.
1976	anuBU	1	P.
1985	anuBf	1,3	P.
1988	anumad	1	P.
1991	anuman	4	Ā.
1996	anumantr	10	Ā.
2002	anumA	3,2	Ā.
2014	anumud	1	Ā.
2017	anumf	6	Ā.
2020	anuyA	2	P.
2028	anuyuj	7	Ā.
2038	anuraYj	4	U.
2057	anurud	2	P.
2059	anuruD	7	U.
2071	anulip	6	P.
2082	anuvac	2	P.
2092	anuvad	1	P.
2100	anuvas	1	P.
2106	anuvAs	10	P.
2109	anuvid	6	U.
2114	anuviDA	3	U.
2118	anuvinaS	4	P.
2120	anuviS	6	P.
2126	anuvft	1	Ā.
2137	anuvyaD	4	P.
2144	anuvraj	1	P.
2153	anuSAs	2	P.
2161	anuSI	2	Ā.
2169	anuSuc	1	P.
2173	anuSru	5	P.
2177	anuzaYj	1	P.
2187	anuzwuB	1	P.
2189	anuzWA	1	U.
2204	anusaMcar	1	P.
2206	anusaMtan	8	U.
2208	anusaMDA	3	U.
2213	anusami	2	P.
2217	anusaMsTA	1	P.
2227	anusf	1	P.
2236	anusfp	1	P.
2250	anusmf	1	P.
2257	anuhuNkf	8	U.
2259	anuhf	1	P.
2327	ant	1	P.
2345	antari	2	P.
2352	antargam	1	P.
2354	antarDA	3	U.
2360	antarBU	1	P.
2378	and	1	P.
2384	anD	10	U.
2390	anDIkf	8	U.
2448	anvAKyA	2	P.
2450	anvAgam	1	P.
2455	anvAdiS	6	P.
2467	anvAraB	1	Ā.
2472	anvAruh	1	P.
2475	anvAs	2	Ā.
2482	anvi	2	P.
2489	anviz	6	P.
2489	anviz	4	P.
2493	anvIkz	1	Ā.
2506	apakf	8	U.
2515	apakfz	1,6	P.
2520	apakF	6	P.
2526	apakram	1	P.
2532	apakzi	1,5,9	P.
2536	apakzip	6	P.
2539	apagam	1	P.
2549	apagur	6	Ā.
2551	apaguh	1	U.
2558	apacar	1	P.
2562	apacAy	1	Ā.
2565	apaci	3	P.
2565	apaci	5	U.
2574	apacyu	1	Ā.
2579	apaji	1	P.
2581	apajYA	9	Ā.
2598	apatfp	10	P.
2602	apatrap	1	Ā.
2617	apadiS	6	P.
2628	apaDAv	1	P.
2631	apaDyE	1	P.
2633	apaDvaMs	1	Ā.
2641	apanI	1	P.
2645	apanud	6	P.
2664	apaBAz	1	Ā.
2666	apaBU	1	P.
2668	apaBraMS	1	Ā.
2682	apamfj	2,10	P.
2687	apayA	2	P.
2707	aparAD	4,5	P.
2761	apalap	1	P.
2773	apavad	1	U.
2781	apavah	1	P.
2792	apavf	5	U.
2792	apavf	10	P.
2799	apavfj	7	Ā.
2805	apavft	1	Ā.
2811	apavyaD	4	P.
2850	apasf	1	P.
2856	apasfj	6	P.
2858	apasfp	1	P.
2883	apahan	2	P.
2888	apahas	1	P.
2893	apahA	3	P.
2897	apahf	1	P.
2904	apahnu	2	Ā.
2909	apAkf	8	U.
2929	apAdA	3	Ā.
2933	apAn	2	P.
2951	apAvf	5	P.
2954	apAvft	1	Ā.
2958	apASri	1	U.
2963	apAs	4	P.
2970	apAhA	3	P.
2983	apiDA	3	U.
2996	apI	2	P.
3038	ape	2	P.
3042	apekz	1	Ā.
3053	apoh	1	U.
3310	aBikam	10	Ā.
3313	aBikamp	1	Ā.
3316	aBikANkz	1	U.
3319	aBikf	8	U.
3324	aBikrand	1	P.
3326	aBikram	1,4	U.
3330	aBikruS	1	P.
3335	aBikzip	6	P.
3337	aBiKyA	2	P.
3342	aBigam	1	P.
3348	aBigarj	1	P.
3352	aBigup	10	P.
3355	aBigur	6	U.
3359	aBigF	9	U.
3361	aBigE	1	P.
3364	aBigrah	9	U.
3373	aBiGrA	1	P.
3375	aBicakz	2	Ā.
3377	aBicar	1	P.
3385	aBijan	4	Ā.
3393	aBiji	1	P.
3398	aBijuz	6	Ā.
3400	aBijYA	9	U.
3408	aBitaq	10	P.
3410	aBitap	1	P.
3416	aBitfp	10	P.
3421	aBidfS	1	P.
3425	aBidru	1	P.
3428	aBidruh	4	P.
3434	aBiDA	3	U.
3442	aBiDAv	1	P.
3446	aBiDyE	1,2	P.
3449	aBinand	1	P.
3455	aBinam	1	P.
3458	aBinah	4	P.
3468	aBiniviS	6	Ā.
3476	aBinizpat	1	P.
3478	aBinizpad	4	Ā.
3482	aBinI	1	P.
3491	aBipat	1	P.
3491	aBipat	4	Ā.
3493	aBipad	4	Ā.
3502	aBipUj	10	P.
3505	aBipF	3,9	P.
3509	aBipraRI	1	P.
3517	aBipravft	1	Ā.
3524	aBipre	2	P.
3528	aBiplu	4	Ā.
3535	aBiBA	2	P.
3538	aBiBAz	1	Ā.
3541	aBiBU	1	P.
3550	aBimad	4	P.
3553	aBiman	4	Ā.
3553	aBiman	8	Ā.
3564	aBimantr	10	Ā.
3582	aBimfS	6	P.
3589	aBiyA	2	P.
3594	aBiyAc	1	Ā.
3596	aBiyuj	7	Ā.
3605	aBirakz	1	P.
3611	aBiram	1	Ā.
3622	aBiruc	1	Ā.
3632	aBilaNG	1,10	P.
3634	aBilap	1	P.
3637	aBilaz	1,4	P.
3644	aBilI	4	Ā.
3649	aBivad	1	U.
3656	aBivand	1	Ā.
3668	aBivinI	1	U.
3672	aBivIkz	1	Ā.
3675	aBivft	1	Ā.
3679	aBivfD	1	Ā.
3681	aBivfz	1	P.
3686	aBivyaYj	7	P.
3693	aBivyAp	5	P.
3697	aBivyAhf	1	P.
3702	aBiSaMs	1	P.
3708	aBiSaNk	1	Ā.
3711	aBiSap	1	U.
3715	aBiSas	1	P.
3736	aBizaYj	1	P.
3744	aBizic	6	U.
3750	aBizu	5	P.
3763	aBizwu	2	P.
3766	aBizyand	1	Ā.
3776	aBisaMskf	8	U.
3782	aBisaMKyA	2	P.
3786	aBisaMtap	1	P.
3790	aBisaMDA	3	U.
3797	aBisamApad	4	Ā.
3799	aBisaMpat	1	P.
3801	aBisaMpad	4	Ā.
3806	aBisaMbanD	9	P.
3812	aBisAntv	10	P.
3825	aBisfj	6	P.
3833	aBisvf	1	P.
3837	aBihan	2	P.
3848	aBihu	3	P.
3851	aBihf	1	P.
3859	aBI	2	P.
3892	aBIz	6	P.
3923	aByaYj	7	P.
3930	aByanujYA	9	U.
3936	aByantarIkf	8	U.
3938	aByam	1	P.
3945	aByarc	1,10	P.
3949	aByarT	10	Ā.
3956	aByarh	1,10	P.
3968	aByavaskand	1	P.
3970	aByavahf	1	P.
3975	aByave	2	P.
3977	aByaS	5	Ā.
3980	aByas	4	P.
4000	aByAgam	1	P.
4008	aByAcar	1	P.
4011	aByAtan	8	U.
4014	aByAdA	3	Ā.
4017	aByADA	3	U.
4023	aByAyam	1	P.
4026	aByAruh	1	P.
4030	aByAvft	1	Ā.
4036	aByAsad	1	P.
4038	aByAhan	2	P.
4041	aByAhf	1	P.
4045	aByukz	1,6	U.
4052	aByutTA	1	P.
4056	aByutpat	1	P.
4059	aByudi	2	P.
4063	aByudgam	1	P.
4069	aByudyam	1	P.
4073	aByupagam	1	P.
4077	aByupapad	4	Ā.
4084	aByupe	2	P.
4092	aByUh	1	U.
4095	aBr	1	P.
4114	am	1	P.
4114	am	10	P.
4114	am	1	Ā.
4257	amb	1	P.
4281	amB	1	Ā.
4297	ay	1	Ā.
4515	ark	10	P.
4525	arG	1	P.
4530	arc	1	U.
4530	arc	10	P.
4547	arj	1	P.
4547	arj	10	P.
4563	arT	10	Ā.
4577	ard	1	P.
4577	ard	10	P.
4592	arb	1	P.
4609	arv	1	P.
4625	arh	1	P.
4625	arh	10	P.
4636	al	1	U.
4663	alaMkf	8	U.
4749	alpIkf	8	U.
4754	av	1	P.
4763	avakarR	10	P.
4768	avakAS	1,4	Ā.
4779	avakuts	10	U.
4783	avakft	6	P.
4787	avakfz	1	P.
4790	avakF	6	P.
4793	avakxp	1	Ā.
4803	avakrand	1	U.
4806	avakram	1,4	U.
4811	avakrI	9	U.
4813	avakruS	1	P.
4822	avakzi	1,5,9	P.
4826	avakzip	6	U.
4830	avakzu	2	P.
4832	avaKaRq	10	P.
4836	avagaR	10	P.
4843	avagam	1	P.
4848	avagal	1	P.
4850	avagAh	1	Ā.
4855	avaguRW	10	P.
4862	avagur	6	U.
4864	avaguh	1	U.
4866	avagE	1	P.
4868	avagrah	9	U.
4874	avaGaww	1	Ā.
4879	avaGuz	1	P.
4882	avaGUrR	1	U.
4885	avaGfz	1	U.
4888	avaGrA	1	P.
4893	avacakz	2	Ā.
4899	avacar	1	U.
4904	avaci	3	P.
4904	avaci	5	U.
4912	avacUrR	10	P.
4917	avacCad	10	P.
4919	avacCid	7	U.
4926	avaji	1	P.
4931	avajYA	9	P.
4950	avataq	10	P.
4952	avatan	8	U.
4956	avatap	1	P.
4963	avatF	1	P.
4981	avadah	1	P.
4989	avadF	9	P.
4993	avado	4	P.
5007	avaDA	3	Ā.
5016	avaDAv	1	U.
5019	avaDIr	10	P.
5024	avaDU	5	U.
5030	avaDf	10	U.
5038	avaDyE	1	P.
5041	avaDvaMs	1	Ā.
5046	avanam	1	P.
5054	avanah	4	U.
5059	avanij	3	U.
5066	avanI	1	P.
5076	avapaw	10	P.
5078	avapat	1	P.
5083	avapad	4	Ā.
5093	avapIq	10	P.
5099	avaplu	1	Ā.
5103	avabanD	9	P.
5107	avabuD	4	Ā.
5114	avaBaYj	7	P.
5118	avaBAs	1	Ā.
5123	avaBid	7	P.
5126	avaBuj	6	P.
5132	avaman	4	Ā.
5143	avamuc	6	P.
5147	avamfj	2	P.
5149	avamfd	9	P.
5153	avamfS	6	P.
5158	avayaj	1	Ā.
5164	avayA	2	U.
5178	avaram	1	Ā.
5184	avaruD	7	U.
5192	avaruh	1	P.
5220	avalamb	1	Ā.
5227	avalip	6	P.
5231	avalih	2	U.
5237	avalI	4	Ā.
5240	avaluYc	1	P.
5243	avalup	6	U.
5250	avalok	1,10	Ā.
5267	avavraSc	6	P.
5290	avaSF	9	P.
5297	avazwamB	5,9	P.
5302	avazvan	1	P.
5308	avasaYj	1	P.
5315	avasad	1	P.
5323	avasf	1	P.
5331	avasic	6	P.
5337	avasfj	6	P.
5341	avaso	4	P.
5352	avaskand	1	P.
5357	avaskF	6	U.
5364	avastF	9	P.
5369	avasTA	1	Ā.
5388	avasvan	1	P.
5391	avahan	2	P.
5396	avahas	1	P.
5401	avahA	3	P.
5406	avahf	1	P.
5419	avAkF	6	P.
5436	avAn	2	P.
5441	avAp	5	U.
5666	ave	2	P.
5668	avekz	1	Ā.
5761	aS	5	Ā.
5761	aS	9	P.
5917	az	1	U.
5944	as	2	P.
5944	as	4	P.
5944	as	1	U.
6016	asatkf	8	U.
6293	ah	1,10,1	Ā.
6293	ah	5	P.
6349	Akac	1	Ā.
6352	Akamp	1	Ā.
6358	AkarR	10	P.
6360	Akal	10	P.
6372	AkANkz	1	U.
6381	AkAS	1	Ā.
6387	AkuYc	1,6	Ā.
6393	AkulIkf	8	U.
6394	AkulIBU	1	P.
6400	Akf	8,5	U.
6409	Akfz	1,6	P.
6417	AkF	6	P.
6427	Akrand	1	U.
6433	Akram	1	U.
6438	AkrI	9	U.
6440	AkrIq	1	U.
6444	AkruS	1	P.
6456	Akzar	10	P.
6461	Akzi	2,6	P.
6464	Akzip	6	U.
6492	AKyA	2	P.
6505	Agam	1	P.
6531	Agur	6	Ā.
6539	AgE	1	P.
6557	Agrah	9	U.
6563	AGaww	10	P.
6570	AGuz	1	P.
6570	AGuz	10	P.
6573	AGUrR	1,6	Ā.
6575	AGf	10	P.
6578	AGrA	1	P.
6592	Acakz	2	Ā.
6597	Acam	1	P.
6609	Acar	1	P.
6624	Aci	5	U.
6629	AcCad	10	P.
6637	AcCid	7	U.
6649	Ajan	4	Ā.
6663	Aji	1	P.
6670	AjIv	1	P.
6679	AjYA	9	P.
6690	AYC	1	P.
6728	AtaYc	7	P.
6731	Atan	8	U.
6738	Atap	1	P.
6765	Atud	6	U.
6770	Atfd	7	P.
6773	Atfp	4,5,6	P.
6776	AtF	1	P.
6792	AtmIkf	8	U.
6801	AdaMS	1	P.
6808	AdA	3	Ā.
6812	AdAnam	2	P.
6832	AdiS	6	U.
6844	Adf	6	Ā.
6852	AdfS	1	P.
6857	AdF	9	U.
6870	ADA	3	U.
6878	ADIkf	8	P.
6894	ADu	5	U.
6901	ADf	1,10	P.
6907	ADfz	5	P.
6907	ADfz	10	P.
6914	ADoraRaH	1	P.
6915	ADmA	1	P.
6924	ADyE	1	P.
6939	Anand	1	P.
6951	Anam	1	P.
6962	Anah	4	U.
6969	AnI	1	P.
7019	Anft	4	P.
7051	Ap	5,1	P.
7066	Apat	1	P.
7077	Apad	4	Ā.
7097	ApA	1	P.
7108	ApIq	10	P.
7116	Apfc	7	U.
7118	ApF	9	U.
7132	ApyE	1	Ā.
7141	ApracC	6	Ā.
7153	Aplu	1	Ā.
7163	AbanD	9	P.
7171	AbAD	1	Ā.
7177	AbuD	1	P.
7187	ABA	2	P.
7192	ABAz	1	Ā.
7196	ABAs	1	Ā.
7225	ABU	1	P.
7229	ABf	1	P.
7254	Amantr	10	Ā.
7281	AmIl	1	P.
7287	Amuc	6	U.
7296	Amfd	9	P.
7299	AmfS	6	P.
7313	AmnA	1	P.
7341	Ayaj	1	Ā.
7346	Ayat	1	Ā.
7355	Ayam	1	U.
7368	Ayas	4	P.
7375	AyA	2	P.
7383	Ayuj	7	U.
7388	AyuD	4	Ā.
7418	AraB	1	Ā.
7427	Aram	1	P.
7442	ArAD	5,10	P.
7451	Aric	7	U.
7456	Aru	2	P.
7470	AruD	7	U.
7474	Aruh	1	P.
7555	Alakz	10	U.
7561	Alap	1	P.
7566	AlaB	1	Ā.
7573	Alamb	1	Ā.
7590	AliK	6	P.
7594	AliNg	1,10	U.
7602	Alip	6	P.
7607	Alih	2	Ā.
7609	AlI	4	Ā.
7618	Aluq	1	P.
7627	Alok	1,10	Ā.
7633	Aloc	1,10	Ā.
7646	Avap	1	U.
7667	Avas	1	P.
7676	AvAs	10	P.
7678	Avah	1	P.
7689	Avitan	8	Ā.
7690	Avid	2	U.
7704	AviS	6	U.
7710	AvirBU	1	P.
7715	Avizkf	8	U.
7727	Avf	5,9,10	U.
7737	Avfj	1	Ā.
7741	Avft	1	Ā.
7752	Avezw	10	P.
7757	AvyaD	4	P.
7761	AvraSc	6	P.
7774	ASaMs	1	Ā.
7781	ASak	5	P.
7785	ASaNk	1	Ā.
7801	ASAs	2	Ā.
7810	ASI	2	Ā.
7830	ASyE	1	Ā.
7844	ASru	5	P.
7850	ASliz	4	P.
7868	ASvas	2	P.
7882	As	2	Ā.
7882	As	4	P.
7893	AsaYj	1	P.
7900	Asad	1	P.
7900	Asad	10	P.
7921	Asic	6	P.
7928	AsiD	1	P.
7932	Asu	5	U.
7946	Askand	1	P.
7955	Astf	5,9	U.
7964	AsTA	1	P.
7980	AsPal	10	P.
7984	AsPuw	1	P.
8001	Asvad	1	Ā.
8011	Ahan	2	P.
8022	AhiRq	1	Ā.
8027	Ahu	3	U.
8038	Ahf	1	P.
8054	Ahvf	1	P.
8060	Ahve	1	P.
8076	i	2	P.
8076	i	1,4	U.
8094	iK	1	P.
8095	iNg	1	U.
8108	iw	1	P.
8158	in	6,8	P.
8163	ind	1	P.
8186	inD	7	Ā.
8194	inv	6	P.
8208	ir	6	P.
8228	il	6,10	P.
8243	iz	6	P.
8243	iz	4	P.
8243	iz	9	P.
8243	iz	1	U.
8258	izita	4	None
8278	izkf	8	U.
8289	I	4,2	Ā.
8290	Ikz	1	Ā.
8300	IK	1	P.
8301	Ij	1	Ā.
8304	Iq	2	Ā.
8314	Int	1	P.
8320	Ir	2,1	Ā.
8320	Ir	10	U.
8332	Irzy	1	P.
8339	IS	2	Ā.
8352	Iz	1	U.
8362	Ih	1	Ā.
8366	u	1	Ā.
8366	u	5	P.
8376	ukz	1,6	U.
8384	uK	1	P.
8395	uc	4	P.
8409	uccak	1	P.
8413	uccaw	1	P.
8419	uccar	1	P.
8427	uccal	1	P.
8432	ucci	5	U.
8440	ucCal	1	U.
8450	ucCid	7	U.
8458	ucCiz	7	P.
8483	ucCvas	2	P.
8489	ucC	6	P.
8490	ujjas	4	P.
8495	ujji	1	P.
8500	ujjIv	1	P.
8504	ujjfmB	1	Ā.
8509	ujjval	1	P.
8513	ujJ	6	P.
8520	uYC	6	P.
8525	uW	1	P.
8532	uqqI	1,4	Ā.
8566	utkamp	1	Ā.
8593	utkf	8	Ā.
8595	utkft	6	P.
8597	utkfz	1	P.
8604	utkF	6	U.
8612	utkFt	10	P.
8620	utkram	1,4	U.
8628	utkruS	1	P.
8632	utkliS	9	P.
8639	utkzip	6	P.
8646	utKan	1	P.
8650	utKid	6	P.
8658	uttan	8	U.
8663	uttap	1	P.
8668	uttam	4	P.
8675	uttamB	5,9	P.
8700	uttul	10	P.
8703	uttF	1	P.
8716	uttras	1,4	P.
8721	utTA	1	P.
8735	utpaw	10	P.
8742	utpat	1	P.
8753	utpad	4	Ā.
8770	utpiz	7	P.
8772	utpIq	10	P.
8780	utpU	9	U.
8790	utprekz	1	Ā.
8794	utplu	1	Ā.
8799	utPal	1	P.
8813	utsad	1	P.
8822	utsah	1	Ā.
8827	utsic	6	P.
8832	utsu	5	U.
8846	utsfj	6	P.
8854	utsfp	1	P.
8860	utsmi	1	Ā.
8878	udaj	1	U.
8881	udaYc	1	U.
8895	udan	2	P.
8908	udapAs	4	P.
8929	udas	4	P.
8948	udAs	2	Ā.
8954	udAhf	1	P.
8959	udi	2	P.
8968	udIkz	1	Ā.
8972	udIr	2	Ā.
8987	udgam	1	P.
8997	udgur	6	Ā.
8999	udgF	6	P.
9004	udgE	1	P.
9011	udgranT	1,9	U.
9015	udgrah	9	P.
9037	udGuz	1	P.
9037	udGuz	10	P.
9040	udGfz	1	P.
9059	uddiS	6	U.
9068	uddIp	4	Ā.
9075	uddfS	1	P.
9079	uddyut	1	Ā.
9083	udDan	2	P.
9093	udDA	3	P.
9093	udDA	3	Ā.
9100	udDU	5,9	U.
9108	udDf	1,10	P.
9117	udDmA	1	P.
9122	udbanD	9	P.
9131	udbuD	1	P.
9139	udBAs	1	Ā.
9142	udBid	7	U.
9147	udBU	1	P.
9154	udBram	1,4	P.
9160	udyam	1	Ā.
9170	udyA	2	P.
9178	udyuj	7	U.
9200	udvap	1	P.
9203	udvam	1	P.
9214	udvah	1	P.
9230	udvij	6	Ā.
9239	udvIj	10	P.
9242	udvft	1	Ā.
9249	udvfh	6	P.
9255	udvell	1	P.
9262	udvyudas	1	P.
9264	uDras	9,10	P.
9265	und	7	P.
9269	unnad	1	P.
9271	unnam	1	P.
9282	unnah	4	P.
9290	unnI	1	P.
9297	unmajj	6	P.
9302	unmaT	1,9	P.
9309	unmad	4	P.
9322	unmanAyate	1	Ā.
9324	unmanIkf	8	U.
9338	unmiz	6	P.
9343	unmIl	1	P.
9349	unmuc	6	U.
9354	unmUl	10	P.
9357	unmfj	2	P.
9361	unmfd	9	P.
9370	upakarR	10	U.
9384	upakUj	1	P.
9388	upakf	8	U.
9400	upakF	6	P.
9403	upakxp	1	Ā.
9409	upakram	1,4	Ā.
9419	upakruS	1	P.
9424	upakzi	1	P.
9424	upakzi	2,6	P.
9429	upakzip	6	P.
9436	upagam	1	P.
9449	upaguh	1	U.
9454	upagE	1	P.
9463	upagras	1	P.
9464	upagrah	9	U.
9471	upaGuz	1,10	P.
9479	upacar	1	P.
9488	upaci	5	U.
9500	upacCand	10	P.
9506	upajan	4	Ā.
9512	upajap	1	P.
9517	upajalp	1	P.
9523	upajIv	1	P.
9530	upajYA	9	Ā.
9539	upatap	1	P.
9556	upadaMS	1	P.
9561	upadas	4	P.
9563	upadA	3	U.
9566	upadIkf	8	U.
9571	upadiS	6	U.
9584	upadfS	1	P.
9593	upadru	1	P.
9600	upaDA	3	U.
9615	upaDf	1,10	P.
9618	upaDmA	1	P.
9627	upanam	1	P.
9632	upanah	4	P.
9641	upanikzip	6	U.
9643	upaniDA	3	U.
9648	upanipat	1	P.
9651	upanibanD	9	P.
9655	upanimreq	1	P.
9669	upanI	1	P.
9680	upanft	4	P.
9683	upanyas	4	P.
9691	upapad	4	Ā.
9710	upapIq	10	P.
9724	upaplu	1	Ā.
9739	upaBuj	7	U.
9747	upaBf	3	U.
9753	upamantr	10	Ā.
9759	upamA	2,3,4	P.
9773	upamfd	9	U.
9783	upayam	1	U.
9788	upayA	2	P.
9792	upayAc	1	U.
9798	upayuj	7	Ā.
9807	uparaYj	4	U.
9816	uparam	1	P.
9829	uparuD	7	U.
9838	upalakz	10	P.
9844	upalaB	1	Ā.
9853	upalal	10	P.
9857	upalip	6	P.
9861	upalI	4	Ā.
9868	upavad	1	Ā.
9872	upavarR	10	P.
9879	upavas	1	P.
9891	upavah	1	P.
9906	upaviS	6	P.
9921	upavft	1	Ā.
9931	upaSak	4	U.
9931	upaSak	5	P.
9932	upaSam	4	P.
9949	upaSI	2	Ā.
9959	upaSru	5,1	P.
9964	upaSliz	4	P.
9980	upasaMskf	8	U.
9984	upasaMhf	1	P.
9993	upasaMgrah	9	P.
9996	upasaYj	6	Ā.
9998	upasad	1,6	P.
10007	upasaMDA	3	U.
10012	upasamADA	3	U.
10015	upasaMpad	4	Ā.
10021	upasAntv	10	P.
10027	upasf	1	P.
10031	upasfj	6	P.
10036	upasfp	1	P.
10042	upasev	1	Ā.
10047	upaskf	8	U.
10053	upastamB	5,9	P.
10059	upastu	2	U.
10062	upastf	5,9	U.
10067	upasTA	1	U.
10081	upaspfS	6	P.
10088	upahan	2	P.
10098	upahas	1	P.
10104	upahA	3	Ā.
10106	upahf	1	P.
10116	upahve	1	Ā.
10124	upAkf	8	U.
10128	upAkram	1	P.
10130	upAKyA	2	P.
10133	upAgam	1	P.
10141	upAcar	1	P.
10148	upAdA	3	Ā.
10153	upADA	3	U.
10172	upAram	1	P.
10176	upArud	2	P.
10178	upArj	1	P.
10183	upAlaB	1	Ā.
10191	upAvft	1	Ā.
10197	upASri	1	U.
10201	upAs	2	Ā.
10215	upAhf	1	U.
10217	upe	2	P.
10228	upekz	1	Ā.
10247	upoh	1	P.
10251	ubj	6	P.
10252	uB	6,7,9	P.
10277	urarIkf	8	U.
10291	urIkf	8	U.
10308	urj	1,10	P.
10312	urd	1	Ā.
10314	urv	1	P.
10325	ulaq	10	P.
10351	ullaNG	1,10	Ā.
10359	ullas	1	P.
10370	ullap	1	P.
10375	ulliK	6	P.
10404	uz	1	P.
10452	Un	10	P.
10459	Uy	1	Ā.
10466	Urj	10	P.
10480	UrRu	2	U.
10498	Uz	1	P.
10512	Uh	1	U.
10512	Uh	1	P.
10520	f	1	P.
10520	f	3	P.
10520	f	5	P.
10524	fkz	5	P.
10532	fc	6	P.
10540	fcC	6	P.
10543	fj	1	Ā.
10543	fj	1	P.
10553	fjUkf	8	U.
10560	fYj	6	U.
10560	fYj	1	Ā.
10562	fR	8	P.
10590	fD	4,5,7	P.
10597	fP	6	P.
10609	fz	6	P.
10609	fz	1	P.
10627	F	9	P.
10630	e	2	P.
10632.444	ekavAkyakf	8	U.
10632.446	ekavAkyayA	2	P.
10653	ekIkf	8	U.
10654	ekIBU	1	P.
10657	ej	1	Ā.
10665	eW	1	Ā.
10687	eD	1	Ā.
10717	ez	1	U.
10838	oK	1	P.
10843	oj	1,10	U.
10848	ojAyate	10	Ā.
10856	oR	1	P.
10876	olaj	1	P.
10877	olaRq	1,10	P.
11066	OzaDIkf	8	U.
11085	kaMs	2	Ā.
11092	kak	1	Ā.
11110	kakk	1	P.
11114	kakK	1	P.
11122	kaK	1	P.
11124	kag	1	P.
11125	kaNk	1	Ā.
11148	kac	1,1	P.
11170	kaj	1	P.
11176	kaYc	1	Ā.
11195	kaw	1	P.
11196	kaw	1	P.
11236	kaww	10	P.
11242	kaW	1	P.
11263	kaq	1	U.
11263	kaq	6,10	P.
11278	kaqq	1	P.
11279	kaR	1	P.
11279	kaR	10	P.
11294	kaRw	1	P.
11309	kaRW	1,10	U.
11320	kaRq	1	U.
11320	kaRq	10	U.
11359	katT	1	Ā.
11362	katr	10	P.
11364	kaT	10	U.
11376	kaTIkf	8	U.
11380	kad	4	Ā.
11380	kad	1,1	Ā.
11382.042	kadarTIkf	8	U.
11398	kan	1	P.
11423	kand	1	P.
11454	kap	1	P.
11492	kab	1	P.
11501	kam	1,10	Ā.
11515	kamp	1	Ā.
11522	kamb	1	P.
11590	kark	1	P.
11613	karj	1	P.
11614	karR	10	U.
11631	kart	10	P.
11643	kartr	10	P.
11646	kard	1	P.
11662	karb	1	P.
11676	karv	1	P.
11692	kal	1	Ā.
11692	kal	10	U.
11692	kal	10	P.
11750	kaluzIkf	8	U.
11774	kall	1	Ā.
11781	kav	1	Ā.
11809	kaS	1	P.
11820	kaz	1	U.
11820	kaz	10	P.
11838	kas	1	P.
11838	kas	2	Ā.
11883	kANkz	1	P.
11901	kAYc	1	Ā.
12164	kAS	1,4	Ā.
12195	kAs	1	Ā.
12213	ki	3	P.
12225	kiw	1	P.
12235	kit	1	P.
12235	kit	3	P.
12263	kil	6	P.
12263	kil	10	P.
12289	kIw	10	P.
12309	kIl	1	P.
12320	ku	1,6	P.
12320	ku	2	P.
12321	kuMS	1,10	P.
12322	kuk	1	Ā.
12340	kuc	6	P.
12340	kuc	1	P.
12346	kuj	1,6	P.
12355	kuYj	1	P.
12359	kuw	6	P.
12359	kuw	4	P.
12383	kuww	10	U.
12410	kuq	6	P.
12422	kuR	6	P.
12422	kuR	10	P.
12429	kuRW	1	P.
12429	kuRW	10	P.
12433	kuRq	1	Ā.
12433	kuRq	1,10	P.
12460	kuts	10	Ā.
12464	kuT	4	P.
12482	kuntr	10	P.
12483	kunT	1,9	P.
12489	kup	4	P.
12489	kup	10	U.
12513	kumAr	10	P.
12528	kumb	1,10	P.
12540	kur	6	P.
12575	kul	1	P.
12654	kuz	9	P.
12666	kus	4	P.
12688	kuh	10	Ā.
12700	kU	1,6,9	Ā.
12705	kUj	1	P.
12707	kUw	10	Ā.
12707	kUw	10	U.
12711	kUq	6	P.
12713	kUR	10	U.
12720	kUp	10	U.
12734	kUrd	1	U.
12742	kUl	1	P.
12757	kf	5,8	U.
12759	kfta	8	U.
12782	kft	6	P.
12782	kft	7	P.
12799	kfp	1,10	Ā.
12818	kfv	1,5	P.
12819	kfS	4	P.
12826	kfz	6	U.
12826	kfz	1	P.
12843	kF	6	P.
12843	kF	9	U.
12843	kF	10	Ā.
12844	kFt	10	U.
12846	kxp	1	Ā.
12872	kep	1	Ā.
12878	kel	1	P.
12906	kE	1	P.
13012	kozWakIkf	8	U.
13113	knaT	1,10	P.
13114	knas	4,10	P.
13115	knUy	1	Ā.
13116	kmar	1	P.
13121	kraT	1	P.
13124	krad	1	Ā.
13125	krand	1	P.
13125	krand	10	P.
13130	krap	1	Ā.
13131	krap	10	P.
13132	kram	1,4	U.
13159	krI	9	U.
13171	krIq	1	P.
13180	kruYc	1	P.
13183	kruq	6	P.
13184	kruT	9	P.
13186	kruD	4	P.
13195	krunT	9	P.
13198	kruS	1	P.
13217	klaT	1,9	P.
13218	kland	1	P.
13219	klam	1,4	P.
13223	klav	4,1	Ā.
13224	klid	4	P.
13232	klind	1	U.
13234	kliS	4	Ā.
13234	kliS	9	P.
13245	klIb	1	Ā.
13245	klIb	10	Ā.
13248	klu	1	Ā.
13249	kleS	1	Ā.
13256	kvaR	1	P.
13260	kvaT	1	P.
13266	kvel	1	P.
13268	kzaYj	10	U.
13268	kzaYj	1,1	Ā.
13269	kzaR	8	U.
13286	kzad	1	Ā.
13290	kzap	1	U.
13290	kzap	10	U.
13299	kzam	1,4	Ā.
13315	kzamp	10	P.
13317	kzar	1	P.
13328	kzal	10	U.
13343	kzi	1	P.
13343	kzi	1,5,9	P.
13343	kzi	6	P.
13358	kziR	5	U.
13360	kzip	6	U.
13360	kzip	4	P.
13382	kziv	1,4	P.
13383	kzI	1	U.
13384	kzIj	1	P.
13396	kzIv	1,4	P.
13398	kzu	2	P.
13399	kzu	9,5	U.
13407	kzud	7	U.
13423	kzuD	4	P.
13428	kzund	1	Ā.
13430	kzuB	1,4,9	Ā.
13438	kzur	6	P.
13451	kzetrIkf	8	U.
13456	kzE	1	P.
13475	kzRu	2	P.
13479	kzmAy	1	Ā.
13480	kzmIl	1	P.
13481	kzviq	1	U.
13482	kzviq	1,4	Ā.
13487	kzvel	1	P.
13490	KakK	1	P.
13495	Kac	1,9	P.
13495	Kac	10	U.
13497	Kaj	1	P.
13505	KaYj	1	P.
13511	Kaw	1	P.
13518	Kaww	10	P.
13540	KaRq	10	P.
13550	KaRqIkf	8	U.
13554	Kad	1	P.
13557	Kan	1	U.
13586	Karj	1	P.
13595	Kard	1	P.
13605	Kal	1	P.
13628	Kav	9	P.
13631	Kaz	1	P.
13648	KAd	1	P.
13670	Kiw	1	P.
13672	Kid	6	P.
13672	Kid	4,7	Ā.
13682	Ku	1	Ā.
13683	Kuj	1	P.
13684	Kuq	10	P.
13687	KuRq	1	Ā.
13688	Kur	6	P.
13696	Kurd	1	Ā.
13701	Kew	10	P.
13709	Kel	1	P.
13713	Kev	1	Ā.
13717	Kow	1	P.
13725	KyA	2	P.
13733	gagG	1	P.
13740	gaj	1	P.
13745	gaYj	1	P.
13749	gaq	1	P.
13749	gaq	10	P.
13762	gaR	10	U.
13781	gaRq	1	P.
13798	gad	1	P.
13798	gad	10	U.
13810	gaD	4	P.
13812	ganD	10	Ā.
13831	gam	1	P.
13873	garj	1,10	P.
13882	gard	1,10	P.
13900	garv	1,10	P.
13904	garh	1,10	Ā.
13909	gal	1	P.
13909	gal	10	U.
13922	galB	1	Ā.
13928	galh	1	Ā.
13947	gavez	1,10	Ā.
13951	gah	10	U.
13958	gA	1,2,3	Ā.
13990	gAD	1	Ā.
14043	gAh	1	Ā.
14056	gil	6	P.
14070	gu	6	P.
14070	gu	1	Ā.
14076	guj	1,1	P.
14084	guq	6	P.
14095	guR	10	U.
14112	guRW	10	U.
14115	guRq	10	P.
14124	gud	1	Ā.
14126	guD	4	P.
14126	guD	9,1	P.
14131	gundr	10	P.
14133	gup	1	P.
14133	gup	1	Ā.
14133	gup	4	P.
14133	gup	10	U.
14151	guP	6	P.
14156	gur	6	Ā.
14156	gur	4	Ā.
14166	gurv	1	P.
14178	guh	1	U.
14189	gU	6	P.
14197	gUrd	1	Ā.
14197	gUrd	10	P.
14199	gUrD	10	P.
14202	gf	1	P.
14203	gfj	1	P.
14208	gfD	4	P.
14224	gfh	10	Ā.
14239	gF	9	P.
14239	gF	6	P.
14239	gF	10	Ā.
14243	gep	1	Ā.
14244	gev	1	Ā.
14245	gez	1	Ā.
14250	gE	1	P.
14269	gom	10	P.
14294	gozW	1	Ā.
14334	graT	1,9,10	Ā.
14339	granT	1,9,10,1	P.
14349	gras	1	Ā.
14349	gras	1,10	P.
14355	grah	9	U.
14355	grah	1,10	P.
14394	gruc	1	P.
14401	glas	1	Ā.
14402	glah	1,10	U.
14404	gluc	1	P.
14405	gluYc	1	P.
14406	glep	1	Ā.
14407	glev	1	Ā.
14408	glez	1	Ā.
14409	glE	1	P.
14417	GaMz	1	Ā.
14418	GagG	1	P.
14419	Gaw	1	Ā.
14419	Gaw	10	U.
14433	Gaww	1,10	Ā.
14438	GaR	8	U.
14439	GaRw	1,10	P.
14450	GanIkf	8	U.
14451	GanIBU	1	P.
14454	Gamb	1	Ā.
14455	Gar	10	P.
14463	Garb	1	P.
14465	Gas	1,2	P.
14486	GiRR	1	Ā.
14487	Gu	1	Ā.
14489	Guw	6	P.
14489	Guw	1	Ā.
14491	Guq	6	P.
14492	GuR	1,6	Ā.
14492	GuR	1	Ā.
14499	Gur	6	P.
14508	Guz	1,10	P.
14508	Guz	1	Ā.
14521	GUr	4	Ā.
14522	GUrR	1,6	Ā.
14526	Gf	1,10	P.
14526	Gf	3	P.
14526	Gf	5	U.
14532	GfR	8,1	P.
14539	Gfz	1	P.
14559	GrA	1	P.
14567	Nu	1	Ā.
14569	cak	1	U.
14571	cakAs	2	P.
14574	cakk	10	P.
14585	cakrIkf	8	U.
14587	cakz	2	Ā.
14601	caYc	1	P.
14611	caw	1	P.
14611	caw	10	U.
14622	caR	1	P.
14625	caRq	1	Ā.
14632	caRqIkf	8	U.
14638	cat	1	U.
14654	cad	1	U.
14656	can	1,6	P.
14662	cand	1	P.
14682	cap	1,10	P.
14692	cam	1	P.
14703	camp	10	U.
14711	camb	1	P.
14713	cay	1	Ā.
14715	car	1	P.
14733	carG	1	P.
14734	carc	10	U.
14734	carc	6	P.
14750	carb	1	P.
14762	carv	1,10	P.
14768	cal	1	P.
14768	cal	6	P.
14781	caz	1,1	U.
14785	cah	1,10	P.
14857	cAy	1	U.
14888	ci	5	U.
14888	ci	3	P.
14888	ci	1	Ā.
14888	ci	1	U.
14916	cikk	10	U.
14929	ciw	1,10	P.
14931	cit	1,10	P.
14947	citrayati	10	P.
14954	citrIkf	8	U.
14959	cint	10	U.
14983	ciri	5	P.
14986	cil	6	P.
14989	cill	1	P.
14997	cihn	10	U.
15000	cIk	1,10	P.
15006	cIB	1	Ā.
15017	cIv	1	U.
15017	cIv	10	U.
15020	cukk	10	U.
15030	cucy	1	P.
15033	cuw	6,10,1,10	P.
15034	cuww	10	P.
15035	cuq	1,6	P.
15036	cuqq	1	P.
15037	cuR	6	P.
15038	cuRw	1,10,1	P.
15039	cuRq	1,10	P.
15041	cut	1	P.
15043	cud	10	U.
15043	cud	1	U.
15051	cup	1	P.
15057	cumb	1,10	U.
15057	cumb	10	P.
15063	cur	10	U.
15072	cul	10	P.
15075	culump	1	P.
15079	cull	1	P.
15084	cust	10	P.
15093	cUR	10	P.
15097	cUr	4	Ā.
15099	cUrR	10	U.
15107	cUrRIkf	8	U.
15108	cUrRIBU	1	P.
15114	cUz	1	P.
15120	cft	6	P.
15120	cft	1,10	P.
15129	cel	1	P.
15133	cell	1	P.
15134	cezw	1	Ā.
15169	cyu	1	Ā.
15169	cyu	10	P.
15176	cyut	1	P.
15179	cyus	10	P.
15195	Cad	10	U.
15203	Cand	10	U.
15211	Cam	1	P.
15214	Camp	1,10	P.
15218	Card	10	U.
15231	Caz	1	U.
15253	Cid	7	U.
15278	Cuw	6,10	P.
15279	Cuq	6	P.
15281	Cup	6	P.
15284	Cur	1	P.
15284	Cur	6	P.
15292	Cfd	1,10	P.
15292	Cfd	7	P.
15293	Cfz	1,10	P.
15300	Co	4	P.
15306	Cyu	1	Ā.
15309	jaMs	10	P.
15311	jakz	2	P.
15337	jaj	1	P.
15343	jaw	1	P.
15352	jawilIkf	8	U.
15362	jaqIkf	8	U.
15363	jaqIBU	1	P.
15373	jan	4	Ā.
15407	jap	1	P.
15413	jaB	1	P.
15413	jaB	1	Ā.
15414	jam	1	P.
15453	jarc	1,6	P.
15457	jarjarIkf	8	U.
15458	jarJ	9,6	P.
15462	jarts	1	P.
15465	jal	1	P.
15465	jal	10	P.
15475	jalp	1	P.
15491	jaz	1	U.
15492	jas	4	P.
15492	jas	1,10	P.
15506	jAgf	2	P.
15600	ji	1	P.
15636	jim	1	P.
15637	jiri	5	P.
15639	jinv	1	P.
15640	jiz	1	P.
15660	jIv	1	P.
15680	ju	1	Ā.
15684	juNg	1	P.
15687.1	juq	6	P.
15687.1	juq	10	P.
15688	jut	1	Ā.
15689	jun	6	P.
15691	jur	6,4	P.
15695	jul	10	P.
15697	juz	6	Ā.
15697	juz	1,10	P.
15711	jU	1,9	U.
15719	jUr	4	Ā.
15722	jUrv	1	P.
15723	jUz	1	U.
15725	jf	1	P.
15727	jfmB	1	Ā.
15732	jF	1,4,9,10	P.
15732	jF	1	Ā.
15742	jez	1	Ā.
15743	jeh	1	Ā.
15744	jE	1	P.
15769	jYA	9	U.
15791	jyA	9	P.
15804	jyu	1	Ā.
15805	jyut	1	U.
15807	jyo	1	Ā.
15821	jri	1	P.
15821	jri	9,10	P.
15822	jvar	1	P.
15825	jval	1	P.
15841	Jaw	1	P.
15847	Jam	1	P.
15854	Jarc	6	P.
15870	Jaz	1	U.
15902	JUz	1	P.
15903	JF	4,9	P.
15909	Jyu	1	P.
15915	waNk	10	U.
15931	wal	1	P.
15937	wik	1	Ā.
15940	wip	10	P.
15943	wIk	1	Ā.
15950	wval	1	P.
15959	qap	10	Ā.
15960	qam	1	P.
15966	qamb	10	U.
15968	qamB	10	U.
15986	qip	10	Ā.
15986	qip	4,6,10	P.
15991	qimB	10	Ā.
15994	qI	1,4	Ā.
16004	qval	10	U.
16017	QOk	1	Ā.
16025	taMs	1	Ā.
16025	taMs	1,10	P.
16026	tak	1,2	P.
16034	takz	1,5	P.
16040	taNk	1	P.
16043	taNg	1	P.
16044	taYc	7	P.
16044	taYc	1	P.
16045	taYj	7	P.
16046	taw	1	P.
16046	taw	10	U.
16054	taq	10	U.
16068	taRq	1	Ā.
16100	tan	8	U.
16100	tan	1,10	P.
16119	tanUkf	8	U.
16127	tantr	10	U.
16147	tap	1,4	P.
16147	tap	10	U.
16175	tam	4	P.
16198	tay	1	Ā.
16236	tark	10	U.
16247	tarj	1,10	P.
16252	tard	1	P.
16257	tarb	1	P.
16264	tal	1,10	P.
16297	tas	4	P.
16372	tAy	1	Ā.
16424	tik	1,5	Ā.
16429	tij	1	Ā.
16429	tij	10	U.
16451	tip	1	Ā.
16452	tim	1	P.
16452	tim	4	P.
16466	tiraskf	8	U.
16472	tiroDA	3	U.
16475	tiroBU	1	P.
16485	til	1,6,10	P.
16500	tIk	1	Ā.
16502	tIm	4	P.
16503	tIr	10	U.
16511	tIrTIkf	8	U.
16514	tIv	1	P.
16519	tu	2	P.
16531	tucCIkf	8	U.
16533	tuj	1,10	P.
16535	tuw	6	P.
16538	tuq	1,6	P.
16539	tuqq	1	P.
16540	tuR	6	P.
16541	tuRq	1	Ā.
16550	tutT	10	U.
16553	tud	6	U.
16559	tund	1	P.
16567	tup	1,6	P.
16569	tuB	4,9	P.
16571	tumb	1	P.
16571	tumb	10	U.
16578	tur	6	U.
16578	tur	3	P.
16598	turv	1	P.
16600	tul	1,10	P.
16618	tuS	1	Ā.
16619	tuz	4	P.
16632	tus	1	P.
16635	tuh	1	P.
16638	tUq	1	P.
16639	tUR	10,10	U.
16652	tUr	4	Ā.
16659	tUl	10,1	Ā.
16667	tUz	1	P.
16672	tfMh	6	P.
16675	tfkz	1	P.
16679	tfR	8	U.
16683	tfRIkf	8	U.
16691	tfd	1,7	P.
16693	tfp	4,5,6	P.
16693	tfp	1,10	P.
16708	tfz	4	P.
16721	tfh	7,10,6	P.
16722	tF	1	P.
16745	tej	1	P.
16754	tep	1	Ā.
16757	tev	1	Ā.
16787	toq	1	P.
16811	tyaj	1	P.
16823	traMs	1,10	P.
16824	traNk	1,1,1	Ā.
16825	trand	1	P.
16826	trap	1	Ā.
16837	tras	1,4	P.
16837	tras	10	U.
16846	trA	2	Ā.
16858	truw	4,6	P.
16862	trup	1	P.
16865	trE	1	Ā.
16898	trOk	1	Ā.
16899	tvakz	1	P.
16905	tvaNg	1	P.
16906	tvac	6	P.
16915	tvaYc	1	P.
16919	tvar	1	Ā.
16932	tviz	1	U.
16937	tsar	1	P.
16941	Tarv	1	P.
16942	Tuq	6	P.
16945	Turv	1	P.
16950	daMS	1	P.
16950	daMS	1,10	P.
16966	daMs	10	Ā.
16969	dakz	1	Ā.
16978	dakziRIkf	8	U.
16983	daG	5	P.
16983	daG	4	P.
16985	daNG	1	P.
16986	daRq	10	U.
17003	dad	1	Ā.
17009	daD	1	Ā.
17031	daB	1,5	P.
17031	daB	10	U.
17035	dam	4	P.
17051	damB	5,10	P.
17057	day	1	Ā.
17071	daridrA	2	P.
17094	dal	1	P.
17123	das	4	P.
17123	das	1,10	P.
17131	dah	1	P.
17145	dA	1	P.
17145	dA	2	P.
17145	dA	4	P.
17145	dA	3	U.
17200	dAn	1	U.
17253	dAS	1,10	U.
17253	dAS	5	P.
17265	dAs	1,5	U.
17291	dinv	1	P.
17292	dimp	10	Ā.
17296	div	4	P.
17296	div	1,10	P.
17296	div	10	Ā.
17306	diS	6	U.
17317	dih	2	U.
17320	dI	4	Ā.
17320	dI	4,3	P.
17326	dIkz	1	Ā.
17336	dIDI	2	Ā.
17338	dIp	4	Ā.
17355	dIrGIkf	8	U.
17356	dIrGIBU	1	P.
17360	du	5	P.
17360	du	4	Ā.
17360	du	1	P.
17362	duHK	10	U.
17377	duD	1	P.
17392	durv	1	P.
17393	dul	10	U.
17400	duz	4	P.
17422	duh	2	U.
17422	duh	1	P.
17435	dU	4	Ā.
17454	df	6	Ā.
17454	df	5,10	P.
17457	dfP	6	P.
17458	dfMh	1	P.
17458	dfMh	1	Ā.
17465	dfQIkf	8	U.
17471	dfp	1,10	P.
17471	dfp	4	P.
17471	dfp	6	P.
17478	dfB	1,6,10	P.
17478	dfB	10	U.
17481	dfmp	6	P.
17483	dfS	1	P.
17510	dfh	1	P.
17511	dF	4,9	P.
17511	dF	1	P.
17513	de	1	Ā.
17516	dev	1	Ā.
17564	dE	1	P.
17592	do	4	P.
17662	dyu	2	P.
17666	dyut	1	Ā.
17685	dyE	1	P.
17694	dram	1	P.
17715	drA	2	P.
17719	drAK	1	P.
17720	drAG	1	Ā.
17725	drANkz	1	P.
17726	drAq	1	Ā.
17737	drAh	1	Ā.
17739	dru	1	P.
17739	dru	5	P.
17744	druq	1,6	P.
17745	druR	6	P.
17753	druh	4	P.
17764	drU	5,9	P.
17768	drek	1	Ā.
17770	drE	1	P.
17803	dvitIyAkf	8	U.
17813	dviz	2	U.
17827	dvf	1	P.
17836	dvEDIkf	8	U.
17839	dvEDIBU	1	P.
17858	Dakk	10	U.
17864	DaR	1	P.
17866	Dan	1,3	P.
17894	Dam	1	P.
17903	Damb	1	P.
17942	DA	3	U.
17996	DAv	1	P.
17996	DAv	1	U.
18005	Di	6	P.
18005	Di	5	P.
18009	Dikkf	8	U.
18012	Dikz	1	Ā.
18016	Diz	3	P.
18021	DI	4	Ā.
18035	Du	5	U.
18040	Dukz	1	Ā.
18052	Durv	1	P.
18057	DU	6,1,5,9,10	P.
18066	DUp	1	P.
18066	DUp	10	U.
18086	DUr	4	Ā.
18089	DUrv	1	P.
18094	DUS	10	U.
18098	Df	6	Ā.
18098	Df	1,10	P.
18109	Dfj	1	P.
18110	Dfz	1	P.
18110	Dfz	1,10	P.
18110	Dfz	5	P.
18110	Dfz	10	Ā.
18119	De	1	P.
18147	DmA	1	P.
18153	DmANkz	1	P.
18158	DyE	1	P.
18167	Draj	1	P.
18170	DraR	1	P.
18171	Dras	9,10	P.
18172	DrA	1	P.
18173	DrAK	1	P.
18174	DrAG	1	Ā.
18175	DrANkz	1	P.
18176	DrAq	1	Ā.
18178	Drij	1	P.
18179	Dru	1,6	P.
18184	Drek	1	Ā.
18185	DrE	1	P.
18187	DvaMs	1	Ā.
18196	Dvaj	1	P.
18202	DvaR	1	P.
18203	Dvan	1,10	P.
18213	Dvf	1	P.
18220	nakk	10	U.
18226	nakz	1	P.
18230	naK	1	P.
18247	naj	1	Ā.
18254	nagnIkf	8	U.
18257	naw	1	P.
18257	naw	10	U.
18279	nad	1	P.
18294	nand	1	P.
18314	naB	1	Ā.
18328	nam	1	P.
18328	nam	9,4	P.
18345	nay	1	Ā.
18368	nard	1	P.
18375	narb	1	P.
18385	nal	1	P.
18397	navIkf	8	U.
18408	naS	4	P.
18408	naS	1	U.
18415	nas	1	Ā.
18423	nah	4	U.
18467	nAT	1	P.
18560	nAs	1	Ā.
18580	niMs	2	Ā.
18593	niHSvas	2	P.
18605	niHsf	1	P.
18618	nikam	10	Ā.
18639	nikf	8	U.
18645	nikft	6	P.
18648	nikfz	1,6	P.
18658	nikz	1	P.
18661	nikzip	6	P.
18668	niKan	1	P.
18678	nigad	1	P.
18682	nigam	1	P.
18688	nigarh	10	P.
18691	nigF	6	P.
18702	nigrah	9	P.
18715	niGfz	1	P.
18721	nici	5	U.
18736	nij	3	U.
18739	niYj	2	Ā.
18743	nitap	1	P.
18754	nid	1	U.
18764	nidiS	6	P.
18773	nidrA	2	P.
18780	niDA	3	U.
18785	niDyE	1	P.
18791	ninad	1	P.
18796	ninard	1	P.
18799	ninI	1	P.
18803	nind	1	P.
18812	nipat	1	P.
18821	nipA	2	P.
18827	nipIq	10	U.
18834	nibanD	9	P.
18846	nibuD	1	P.
18849	niBal	10	U.
18856	nimantr	10	Ā.
18859	nimasj	6	P.
18863	nimA	3	Ā.
18871	nimiz	6	P.
18877	nimIl	1	P.
18886	nimb	1	P.
18893	niyam	1	P.
18907	niyuj	7	Ā.
18925	niram	1	Ā.
18930	niras	4	P.
18937	nirAkf	8	U.
18949	nirIkz	1	Ā.
18956	niruD	7	U.
18961	nirUp	10	U.
18969	nirf	3	P.
18975	nirgam	1	P.
18993	nirji	1	P.
19002	nirRij	3	U.
19009	nirRI	1	P.
19016	nirRud	6	U.
19021	nirdah	1	P.
19027	nirdiS	6	P.
19034	nirDAv	1	P.
19036	nirDU	5,9	U.
19039	nirDf	1,10	P.
19044	nirbanD	9	P.
19051	nirBarts	10	Ā.
19054	nirBA	2	P.
19056	nirBid	7	U.
19062	nirmanT	1,9	P.
19066	nirmA	3,2	Ā.
19072	nirmuc	6	P.
19079	nirmUl	10	U.
19081	nirmfj	2	P.
19084	niryat	10	U.
19088	niryA	2	P.
19106	nirvac	2	P.
19108	nirvap	1	P.
19112	nirvarR	10	U.
19114	nirvas	1	P.
19118	nirvah	1	P.
19124	nirvA	2	P.
19131	nirvid	4	Ā.
19134	nirviS	6	P.
19137	nirvf	5	U.
19141	nirvft	1	Ā.
19150	nirvyaD	4	P.
19158	nirhf	1	P.
19165	nil	6	P.
19168	nilI	4	Ā.
19175	nivap	1	P.
19181	nivas	1	P.
19181	nivas	2	Ā.
19188	nivah	1	U.
19193	nivAs	10	P.
19195	nivid	2	P.
19202	niviS	6	Ā.
19210	nivf	5,9,1	U.
19215	nivft	1	Ā.
19226	nivye	1	U.
19227	niS	1	P.
19231	niSam	4,10	P.
19248	niSuB	6	P.
19253	niScar	1	P.
19256	niSci	5	U.
19266	niSvas	2	P.
19268	niz	1	Ā.
19269	nizaYj	1	P.
19273	nizad	1	P.
19285	nizic	6	P.
19290	niziD	1	P.
19295	nizUd	10	U.
19297	nizev	1	Ā.
19301	nizk	10	Ā.
19303	nizkal	10	P.
19312	nizkulAkf	8	U.
19313	nizkuz	9	P.
19318	nizkf	8	U.
19322	nizkft	6	P.
19324	nizkfz	1	P.
19328	nizkram	1	U.
19333	nizkrI	9	U.
19339	nizwap	1	P.
19352	nizWiv	1,4	P.
19360	nizpat	1	P.
19364	nizpad	4	Ā.
19369	nizpiz	7	P.
19373	nizpU	9	U.
19384	nisfj	6	P.
19390	nistud	1	P.
19392	nistF	1	P.
19404	nihan	2	P.
19414	nihnu	2	Ā.
19420	nI	1	U.
19437	nIcIkf	8	U.
19456	nIv	1	P.
19467	nu	2	P.
19467	nu	1	Ā.
19471	nuq	6	P.
19472	nud	6	U.
19476	nU	6	P.
19487	nft	4	P.
19498	nF	9	P.
19510	ned	1	P.
19524	nez	1	Ā.
19621	nyakkf	8	U.
19623	nyagBU	1	P.
19630	nyaYc	1	P.
19634	nyaYj	7	P.
19641	nyavekz	1	Ā.
19642	nyas	4	P.
19647	nyAsIkf	8	U.
19656	nyuc	4	P.
19658	nyubj	6	P.
19662	nyUnayati	8	P.
19668	paMS	1,10	P.
19672	pakz	1,10	P.
19705	pac	1	U.
19705	pac	1	Ā.
19730	paYc	1	Ā.
19758	paw	1,10	P.
19758	paw	10	U.
19790	paW	1	P.
19800	paR	1	Ā.
19800	paR	1,10	Ā.
19816	paRq	1,10	Ā.
19825	pat	1	P.
19825	pat	4	Ā.
19825	pat	10	U.
19876	paT	1,10	P.
19885	pad	10,4	Ā.
19885	pad	1	P.
19914	pan	1	U.
19921	panT	1,10	P.
19928	pay	1	Ā.
19971	parAkf	8	U.
19975	parAkram	1	U.
19981	parAgam	1	P.
19987	parAji	1	Ā.
19996	parAdA	3	U.
20000	parApat	1	P.
20001	parABU	1	P.
20009	parAmfS	6	P.
20021	parAvft	1	Ā.
20030	parAs	4	P.
20039	parAhan	2	P.
20053	parikal	10	U.
20060	parikfz	1	P.
20063	parikF	6	P.
20065	parikFt	10	U.
20068	parikxp	1	Ā.
20073	parikram	1	U.
20078	parikrI	9	Ā.
20081	parikliS	9,4	P.
20092	parikzi	5,9	P.
20096	parikzip	6	P.
20103	pariKid	4	P.
20106	pariKyA	2	P.
20109	parigaR	10	U.
20111	parigam	1	P.
20119	parigE	1	P.
20121	parigrah	9	P.
20133	pariGaww	10	U.
20139	paricakz	2	Ā.
20143	paricar	1	P.
20156	parici	5	U.
20156	parici	3	P.
20161	paricint	10	U.
20163	paricud	10	P.
20164	paricumb	1	P.
20166	paricCad	10	U.
20171	paricCid	7	U.
20178	paricyu	1	Ā.
20186	parijYA	9	U.
20195	pariRam	1	U.
20201	pariRah	4	U.
20209	pariRI	1	P.
20221	paritap	1	P.
20226	paritark	10	P.
20230	parituz	4	P.
20235	paritfp	4	P.
20239	parityaj	1	P.
20247	paritrE	1	Ā.
20251	paridah	1	P.
20255	paridA	3	U.
20259	paridiv	1,10	P.
20259	paridiv	4	P.
20264	paridfS	1	P.
20267	pariDA	3	U.
20275	pariDAv	1	P.
20296	paripat	1	P.
20306	paripA	1,2	P.
20315	paripIq	10	U.
20319	paripU	9	U.
20329	paripracC	6	P.
20336	pariplu	1	Ā.
20341	paribanD	9	Ā.
20343	paribAD	1	Ā.
20345	paribfMh	6	U.
20355	pariBAz	1	Ā.
20360	pariBuj	7	U.
20364	pariBU	1	P.
20375	pariBUz	10	U.
20378	pariBraMS	1,4	Ā.
20383	pariBram	1,4	P.
20395	parimA	2,3,4	P.
20402	parimArg	10	U.
20407	parimuc	6	U.
20409	parimuh	4	U.
20413	parimfj	2	P.
20416	parimfd	9	P.
20416	parimfd	1	P.
20419	parimfS	6	P.
20422	parimfz	4	P.
20429	parimlE	1	P.
20434	parirakz	1	P.
20439	pariraB	1	Ā.
20449	parilup	6	U.
20459	parivad	1	P.
20470	parivah	1	U.
20495	parivf	5,9,10	U.
20502	parivft	1	Ā.
20513	parivfD	1	Ā.
20524	parivezw	1	Ā.
20529	parivraj	1	P.
20532	pariSaNk	1	Ā.
20537	pariSiz	7	P.
20547	pariSuz	4	P.
20567	parizkand	1	P.
20571	parizkf	8	U.
20582	parizvaj	1	Ā.
20587	parisaMKyA	2	P.
20591	parisaMcakz	2	Ā.
20599	parisf	1	P.
20604	parisfp	1	P.
20608	paristf	5,9	U.
20616	parisPur	6	P.
20627	parihas	1	P.
20630	parihA	3	P.
20637	parihf	1	P.
20646	parI	2	P.
20648	parIkz	1	Ā.
20671	pare	2	P.
20689	parR	10	U.
20697	pard	1	Ā.
20699	parp	1	P.
20706	parb	1	P.
20710	paryaw	1	P.
20725	paryavazwamB	5,9	P.
20727	paryavaso	4	P.
20731	paryavasTA	1	P.
20736	paryas	4	P.
20746	paryAgam	1	P.
20751	paryAp	5	P.
20762	paryAloc	10	U.
20773	paryudas	4	P.
20778	paryupAs	2	Ā.
20788	parv	1	P.
20794	parvatIkf	8	U.
20801	parz	1	Ā.
20805	pal	1,10	P.
20817	palAy	1	Ā.
20843	palyul	10	P.
20872	paS	1	U.
20873	paS	10	P.
20874	paz	10	P.
20895	pA	1	P.
20895	pA	2	P.
21030	pAtrIkf	8	U.
21087	pAr	10	P.
21246	pAl	10	P.
21301	pi	6	P.
21302	piMs	1,10	P.
21321	picc	10	U.
21325	picC	6	P.
21325	picC	10	U.
21333	piYj	2	Ā.
21333	piYj	10	U.
21349	piw	1	P.
21357	piW	1	P.
21363	piRq	1,10	Ā.
21377	piRqIkf	8	U.
21378	piRqIBU	1	P.
21397	piDA	3	U.
21403	pinah	4	U.
21410	pinv	1	U.
21427	pil	10	U.
21432	piS	6	U.
21447	piz	7	P.
21447	piz	1,10	P.
21455	pis	1,10	P.
21458	pI	4	Ā.
21464	pIq	10	U.
21484	pIl	1	P.
21489	pIv	1	P.
21494	puMs	10	U.
21506	pucC	1	P.
21511	puYjayati	8	P.
21516	puw	6	P.
21516	puw	10	U.
21516	puw	1	P.
21525	puww	10	U.
21526	puq	6	P.
21527	puR	6	P.
21528	puRw	10	U.
21529	puRq	1	P.
21551	putrIkf	8	U.
21554	puT	4	P.
21554	puT	10	U.
21557	punT	1	P.
21563	pur	6	P.
21576	puraskf	8	U.
21584	puroDA	3	U.
21616	purv	1	P.
21616	purv	10	P.
21617	pul	1,6,10	P.
21638	puz	1,4,9	P.
21638	puz	10	U.
21651	puzp	4	P.
21665	pus	10	U.
21666	pust	10	U.
21669	pU	1,4,9	Ā.
21677	pUj	10	U.
21685	pUR	10	U.
21687	pUtkf	8	U.
21696	pUy	1	U.
21696	pUy	4	Ā.
21699	pUr	4	Ā.
21699	pUr	10	U.
21714	pUrv	1,10	P.
21725	pUl	1,10	P.
21730	pUz	1	P.
21733	pf	6	Ā.
21733	pf	3	P.
21733	pf	9	P.
21733	pf	10	U.
21733	pf	5	P.
21734	pfc	2	Ā.
21734	pfc	7	P.
21734	pfc	1,10	P.
21742	pfYj	2	Ā.
21743	pfq	6	P.
21752	pfT	10	U.
21769	pfz	1	Ā.
21787	pF	3,9	P.
21797	peR	1	P.
21806	pel	1,10	P.
21812	pev	1	Ā.
21819	pez	1	Ā.
21826	pes	1	P.
21828	pE	1	P.
21975	pyAy	1	Ā.
21979	pyuz	4,10	P.
21980	pyE	1	Ā.
21989	prakaT	10	U.
21991	prakamp	1	Ā.
21995	prakal	10	U.
22004	prakAS	1	Ā.
22013	prakup	4	P.
22020	prakf	8	U.
22032	prakfz	1	P.
22039	prakF	6	P.
22043	prakFt	10	U.
22048	prakxp	1	Ā.
22058	prakram	1	U.
22071	prakzal	10	U.
22074	prakzi	5,9	P.
22078	prakzip	6	P.
22083	prakzud	7	U.
22085	prakzuB	1,4	Ā.
22087	prakzRu	2	P.
22092	praKyA	2	P.
22102	pragam	1	P.
22108	pragalB	1	Ā.
22126	pragrah	9	U.
22134	praGaw	1	Ā.
22146	pracakz	2	Ā.
22152	pracar	1	P.
22160	pracal	1	P.
22171	praci	5	U.
22177	pracud	10	U.
22187	pracurIBU	1	P.
22192	pracC	6	P.
22194	pracCad	10	U.
22206	pracCid	7	U.
22209	pracyu	1	Ā.
22217	prajan	4	Ā.
22230	prajalp	1	P.
22235	prajAgf	2	P.
22242	prajU	1	U.
22246	prajfmB	1	Ā.
22248	prajYA	9	U.
22260	prajval	1	P.
22268	praRad	1	P.
22272	praRam	1	P.
22279	praRaS	4	P.
22288	praRigad	1	P.
22290	praRiDA	2	U.
22296	praRipat	1	P.
22298	praRihan	2	P.
22299	praRI	1	P.
22311	praRu	2,6	P.
22313	praRud	6	P.
22319	pratan	8	U.
22327	pratap	1	P.
22336	pratam	4	P.
22340	pratark	10	U.
22351	pratikf	8	U.
22367	pratikzip	6	P.
22373	pratigad	1	P.
22374	pratigam	1	P.
22379	pratigarj	1	P.
22381	pratigrah	9	U.
22395	praticakz	2	Ā.
22402	praticCad	10	U.
22414	pratijYA	9	Ā.
22423	pratidA	3	U.
22432	pratidfS	1	P.
22435	pratiDA	3	U.
22442	pratinad	1	P.
22445	pratinand	1	P.
22448	pratiniDA	3	U.
22461	pratinud	6	U.
22463	pratipad	4	Ā.
22483	pratipUj	10	U.
22499	pratiPal	1	P.
22503	pratibanD	9	P.
22513	pratibAD	1	Ā.
22520	pratibuD	4	Ā.
22527	pratibrU	2	P.
22528	pratiBaj	1	U.
22530	pratiBA	2	P.
22537	pratiBAz	1	Ā.
22539	pratiBAs	1	Ā.
22542	pratiBid	7	U.
22552	pratimA	3,4	Ā.
22557	pratimuc	6	P.
22562	pratiyat	1	Ā.
22566	pratiyam	1	P.
22567	pratiyA	2	P.
22570	pratiyuD	4	Ā.
22582	pratiruD	7	U.
22588	pratilaB	1	Ā.
22593	prativac	2	P.
22600	prativad	1	P.
22603	prativaD	1	P.
22604	prativand	1	Ā.
22605	prativap	1	P.
22616	prativijYA	9	P.
22617	prativid	2,6	P.
22618	prativiDA	3	U.
22646	pratiSru	5	P.
22651	pratiziD	1	P.
22661	pratizWA	1	P.
22682	pratisaMhf	1	P.
22693	pratisaMDA	3	U.
22718	pratihan	2	P.
22726	pratihf	1	P.
22734	pratI	2	P.
22740	pratIkz	1	Ā.
22761	pratIz	6	P.
22765	pratud	6	P.
22774	pratF	1	P.
22789	pratyakzIkf	8	U.
22793	pratyaBijYA	9	U.
22811	pratyarT	10	Ā.
22824	pratyavasTA	1	Ā.
22830	pratyavekz	1	Ā.
22838	pratyAKyA	2	P.
22842	pratyAgam	1	P.
22846	pratyAdA	3	U.
22848	pratyAdiS	6	P.
22874	pratyAhf	1	P.
22881	pratyujjIv	1	P.
22889	pratyudgam	1	P.
22898	pratyupakf	8	U.
22916	pratyUh	1	U.
22920	praT	1	Ā.
22920	praT	10	U.
22941	pradah	1	P.
22944	pradA	3	U.
22954	pradiS	6	P.
22960	pradih	2	U.
22964	pradIp	4	Ā.
22970	praduz	4	P.
22976	pradfS	1	P.
22982	pradyut	1	Ā.
22989	pradru	1	P.
22993	pradrek	1	Ā.
22995	pradviz	2	U.
23004	praDAv	1	U.
23011	praDf	10	U.
23013	praDfz	5	P.
23019	praDmA	1	P.
23021	praDyE	1	P.
23023	praDvaMs	1	Ā.
23033	pranft	4	P.
23042	prapaW	1	P.
23046	prapat	1	P.
23055	prapad	4	Ā.
23078	prapIq	10	U.
23087	prapF	9	P.
23098	prabanD	9	P.
23109	prabAD	1	Ā.
23118	prabuD	4,1	Ā.
23127	prabrU	2	P.
23128	praBaYj	7	P.
23134	praBA	2	P.
23141	praBAz	1	Ā.
23144	praBAs	1	Ā.
23148	praBid	7	U.
23152	praBU	1	P.
23168	praBraMS	1,4	Ā.
23178	pramaT	1,9	P.
23188	pramad	4	P.
23209	pramA	2,3	P.
23217	pramARIkf	8	U.
23229	pramid	1	Ā.
23231	pramI	9	U.
23239	pramuc	6	P.
23244	pramud	1	Ā.
23251	pramuz	9	P.
23254	pramuh	4	P.
23260	pramfj	2	P.
23266	pramlE	1	P.
23268	prayat	1	Ā.
23271	prayam	1	P.
23278	prayas	4	P.
23282	prayA	2	P.
23291	prayuj	7	Ā.
23310	praruc	1	Ā.
23313	praruh	1	P.
23321	pralap	1	P.
23328	pralaB	1	Ā.
23335	pralambIkf	8	U.
23339	pralI	4	Ā.
23342	praluW	1	P.
23345	praluB	4	P.
23358	pravac	2	P.
23369	pravaRIkf	8	U.
23372	pravad	1	P.
23377	pravap	1	U.
23389	pravalg	1	P.
23390	pravas	1	P.
23397	pravah	1	P.
23425	pravicar	1	P.
23429	pravical	1	P.
23438	praviDA	3	U.
23442	praviBaj	1	P.
23446	praviBuj	6	P.
23455	praviS	6	P.
23472	pravf	5	U.
23474	pravft	1	Ā.
23484	pravfD	1	Ā.
23488	pravfz	1	P.
23509	pravraj	1	P.
23517	praSaMs	1	P.
23528	praSam	4	P.
23537	praSAs	2	P.
23563	pras	1,4	Ā.
23565	prasaMKyA	2	P.
23569	prasaYj	1	P.
23578	prasad	1	P.
23586	prasAdIkf	8	U.
23596	prasah	1	Ā.
23610	prasiD	4	P.
23617	prasu	1,2,4	P.
23631	prasU	6	P.
23644	prasfj	6	P.
23646	prasfp	1	P.
23655	praskand	1	P.
23660	prasKal	1	P.
23670	prastu	2	U.
23679	prasTA	1	Ā.
23691	prasnu	2	P.
23699	prasPuw	10	U.
23702	prasPur	6	P.
23704	prasmi	1	Ā.
23706	prasyand	1	Ā.
23710	prasru	1	P.
23726	prasvf	1	P.
23727	prahan	2	P.
23732	prahas	1	P.
23740	prahA	3	P.
23746	prahi	5	P.
23753	prahf	1	P.
23766	prahfz	4	P.
23779	prahlAd	1	Ā.
23788	prahval	1	P.
23791	prA	2	P.
23850	prAR	2	P.
23910	prAduras	2	P.
23911	prAdurBU	1	P.
23931	prAp	5	P.
23971	prAyuD	4	Ā.
23977	prAraB	1	Ā.
23983	prArc	1	P.
23986	prArT	10	Ā.
23994	prArD	1	Ā.
24007	prAvf	5	U.
24027	prAS	9	P.
24041	prAs	4	P.
24083	prI	9	U.
24083	prI	4	Ā.
24083	prI	1,10	P.
24094	pru	1	Ā.
24095	pruz	1	P.
24095	pruz	9	P.
24099	pre	2	P.
24104	prekz	1	Ā.
24116	preNK	1	P.
24121	preNKol	10	U.
24138	prez	4	P.
24138	prez	1	U.
24152	prokz	6	P.
24157	proccal	1	P.
24161	procCal	1	P.
24166	projJ	6	P.
24191	protsfp	1	Ā.
24192	proT	1	U.
24198	prodGuz	1	P.
24213	pronmIl	1	P.
24215	prorRu	2	U.
24229	prOQIBU	1	P.
24234	plakz	1	U.
24237	plih	1	Ā.
24238	plI	9	P.
24241	plu	1	Ā.
24257	pluz	1,4,9	P.
24257	pluz	9	P.
24264	plus	4	P.
24265	plev	1	Ā.
24268	psA	2	P.
24274	Pakk	1	P.
24282	PaR	1	P.
24297	Pal	1	P.
24297	Pal	1	P.
24314	PalIkf	8	U.
24357	Pull	1	P.
24373	Pel	1	P.
24378	baMh	1	Ā.
24397	bad	1	P.
24403	baD	1	Ā.
24403	baD	10	P.
24405	baDirayati	8	P.
24408	band	1	P.
24411	banD	9	P.
24442	bamb	1	P.
24447	barv	1	P.
24456	barh	1	Ā.
24456	barh	10	U.
24467	bal	1	P.
24467	bal	1	U.
24467	bal	10,10	U.
24524	bahizkf	8	U.
24544	bahulIkf	8	U.
24548	bahulIBU	1	P.
24554	bAq	1	Ā.
24568	bAD	1	Ā.
24643	biw	1	P.
24651	bid	1	P.
24676	bil	6,10	P.
24685	bis	4	P.
24706	bukk	1,10	P.
24713	buw	1,10	P.
24714	buq	6	P.
24715	bud	1	U.
24717	buD	1,4	U.
24729	bund	1	U.
24730	bunD	10	P.
24743	bul	10	U.
24746	bus	4	P.
24748	bust	10	U.
24754	bfMh	1,6	P.
24754	bfMh	1,10	P.
24757	bfh	1,6	P.
24764	beh	1	Ā.
24817	brU	2	U.
24828	Bakz	10	U.
24866	Baj	1	U.
24866	Baj	10	U.
24870	BaYj	7	P.
24870	BaYj	10	U.
24876	Baw	1	P.
24876	Baw	10	U.
24889	BaR	1	P.
24893	BaRq	1	Ā.
24893	BaRq	10	U.
24911	Ban	1	P.
24912	Band	1	Ā.
24912	Band	10	U.
24953	Barts	10	Ā.
24959	Barm	1	P.
24961	Bal	10,1	Ā.
24963	Ball	1	Ā.
24993	Baz	1	P.
24998	Bas	3	P.
24998	Bas	1	P.
25010	BasmAkf	8	U.
25013	BasmIBU	1	P.
25014	BA	2	P.
25035	BAj	10	U.
25071	BAm	1,10	Ā.
25122	BAz	1	Ā.
25132	BAs	1	Ā.
25145	Bikz	1	Ā.
25154	Bid	1	P.
25154	Bid	7	U.
25179	BI	3	P.
25179	BI	10	Ā.
25205	Buj	6	P.
25205	Buj	7	U.
25219	BuRq	1	Ā.
25232	BU	1	P.
25232	BU	1,10	U.
25232	BU	10	U.
25259	BUz	1,10	P.
25265	Bf	1,3	U.
25273	BftyIBU	1	P.
25287	Bfj	1	Ā.
25293	BfS	4	P.
25298	BF	9	P.
25323	Bez	1	U.
25377	Byas	1	Ā.
25378	BraMS	1,4	Ā.
25388	Brakz	1	U.
25390	BraR	1	P.
25392	Bram	1,4	P.
25406	Brasj	6	U.
25407	BrAj	1	Ā.
25431	BrAS	1,4	Ā.
25438	BrI	9	P.
25439	Bruq	6	P.
25441	BrUR	10	Ā.
25443	Brej	1	Ā.
25444	Brez	1	U.
25450	maMh	1	Ā.
25469	makk	1	Ā.
25473	makz	1	P.
25477	maK	1	P.
25491	maNk	1	Ā.
25500	maNg	1	U.
25510	maNG	1,1	P.
25511	mac	1	Ā.
25520	maYc	1	Ā.
25524	maYj	10	U.
25546	maW	1	P.
25553	maR	1	P.
25561	maRW	1	Ā.
25563	maRq	1,10	P.
25563	maRq	1	Ā.
25582	maRqalIkf	8	U.
25585	maRqalIBU	1	P.
25619	mad	4	P.
25619	mad	10	Ā.
25619	mad	1	P.
25678	man	1	P.
25678	man	10	Ā.
25678	man	4,8	Ā.
25712	mantr	10	Ā.
25722	manT	1,9	P.
25731	mand	1	Ā.
25737	mandIkf	8	U.
25738	mandIBU	1	P.
25767	maBr	1	P.
25772	mab	1	P.
25774	may	1	Ā.
25823	marc	10	U.
25835	marb	1	P.
25847	maryAdIkf	8	U.
25848	marv	1	P.
25855	mal	1,10	Ā.
25868	malinIkf	8	U.
25869	malinIBU	1	P.
25874	mall	1	Ā.
25885	mav	1	P.
25887	mavy	1	P.
25888	maS	1	P.
25895	maz	1	P.
25897	mas	4	P.
25915	mask	1	P.
25918	masj	6	P.
25925	mah	1,10	P.
25925	mah	1	Ā.
25968	mA	2,3,4	P.
25992	mANkz	1	P.
26085	mAn	1	Ā.
26085	mAn	1,10	P.
26109	mAnT	1	P.
26155	mArg	1,10	P.
26155	mArg	10	U.
26168	mArj	10	U.
26230	mAh	1	U.
26257	mi	5	U.
26258	micC	6	P.
26270	mitrIkf	8	U.
26271	mitrIBU	1	P.
26275	miT	1	U.
26282	miTunIkf	8	U.
26283	miTunIBU	1	Ā.
26288	mid	1,4,10	Ā.
26288	mid	1	U.
26291	mind	1,10	U.
26293	minv	1	P.
26298	mil	6	U.
26306	miS	1	P.
26308	miSr	10	U.
26315	miz	6	P.
26315	miz	1	P.
26320	mih	1	P.
26325	mI	9	U.
26325	mI	1,10	P.
26325	mI	4	Ā.
26332	mIm	1	P.
26339	mIl	1	P.
26342	mIv	1	P.
26374	muKarIkf	8	U.
26384	muc	1	Ā.
26384	muc	6	U.
26392	muj	1,10	P.
26397	muw	1,10	P.
26397	muw	6	P.
26398	muR	6	P.
26399	muRw	1	P.
26400	muRW	1	Ā.
26401	muRq	1	P.
26401	muRq	1	Ā.
26410	mud	10	U.
26410	mud	1	Ā.
26430	munT	1	P.
26437	mur	6	P.
26448	murC	1	P.
26451	murv	1	P.
26452	mul	10	U.
26456	muz	9	P.
26456	muz	1	P.
26456	muz	4	P.
26471	muzwIkf	8	U.
26474	mus	4	P.
26481	must	10	U.
26486	muh	4	P.
26496	mU	1	Ā.
26502	mURW	1	Ā.
26511	mUrcC	1	P.
26527	mUl	1	U.
26527	mUl	10	U.
26539	mUz	1	P.
26550	mf	6	Ā.
26552	mfg	4,10	P.
26563	mfj	1,2,10	P.
26568	mfYj	1	P.
26569	mfq	6,9	P.
26575	mfR	6	P.
26592	mfd	9	P.
26608	mfD	1	U.
26612	mfS	6	P.
26613	mfz	1,1	P.
26613	mfz	4	U.
26613	mfz	4,10	U.
26620	mF	9	P.
26621	me	1	Ā.
26634	mew	1	P.
26645	meT	1	U.
26657	meD	1	U.
26669	mep	1	Ā.
26679	mev	1	Ā.
26715	mokz	1,10	P.
26724	moGIkf	8	U.
26805	mnA	1	P.
26807	mrakz	1	P.
26807	mrakz	10	U.
26811	mrad	1	Ā.
26815	mruc	1	P.
26816	mruYc	1	P.
26817	mrew	1	P.
26818	mlakz	10	U.
26821	mlecC	1,10	P.
26827	mlev	1	Ā.
26828	mlE	1	P.
26838	yakz	10	Ā.
26838	yakz	1	P.
26845	yaj	1	U.
26867	yat	1	Ā.
26897	yantr	1,10	U.
26905	yaB	1	P.
26907	yam	1	P.
26955	yas	1,4	P.
26960	yA	2	P.
26963	yAc	1	Ā.
27058	yu	2	P.
27058	yu	3	P.
27058	yu	9	U.
27058	yu	10	Ā.
27074	yuNg	1	P.
27076	yuC	1	P.
27077	yuj	7	U.
27077	yuj	1,10	P.
27077	yuj	4	Ā.
27077	yuj	10	Ā.
27081	yuYj	1	P.
27083	yut	1	Ā.
27087	yuD	4	Ā.
27100	yunT	1	P.
27101	yup	4	P.
27120	yUz	1	P.
27124	yez	1,1	Ā.
27160	yOw	1	P.
27179	raMh	1	P.
27179	raMh	10	U.
27184	rak	10	U.
27193	rakz	1	P.
27207	raK	1	P.
27208	rag	1	P.
27212	raNK	1	P.
27213	raNg	1	P.
27217	raNG	1	U.
27217	raNG	10	U.
27219	rac	10	U.
27236	rajjUkf	8	U.
27237	raYj	1,4	U.
27242	raw	1	P.
27246	raW	1	P.
27247	raR	1	P.
27254	raRv	1	P.
27271	rad	1	P.
27276	raD	4	P.
27288	rap	1	P.
27290	raP	1	P.
27291	raB	1	Ā.
27295	ram	1	Ā.
27307	ramB	1	Ā.
27312	ray	1	Ā.
27316	rarP	1	P.
27328	ras	1	P.
27328	ras	10	U.
27348	rah	1,10	P.
27355	rA	2	P.
27359	rAK	1	P.
27367	rAG	1	Ā.
27374	rAj	1	U.
27417	rAD	5	P.
27417	rAD	4	P.
27417	rAD	4	P.
27444	rASIkf	8	U.
27451	rAs	1	Ā.
27463	ri	6,5	P.
27463	ri	9	U.
27477	ric	7	U.
27477	ric	1,10	P.
27478	rij	1	Ā.
27480	riRv	1	P.
27484	riP	6	P.
27485	riB	1	Ā.
27487	rimP	6	P.
27489	rimb	1	P.
27492	riS	6	P.
27496	riz	1,4	P.
27496	riz	4	P.
27504	rih	1	P.
27506	rI	4	Ā.
27506	rI	9	U.
27515	rIv	1	U.
27516	ru	2	P.
27516	ru	1	Ā.
27525	ruc	1	Ā.
27534	ruj	6	P.
27534	ruj	10	U.
27537	ruw	1	Ā.
27537	ruw	10	U.
27538	ruW	1,1	P.
27540	ruRw	1	P.
27541	ruRW	1	P.
27544	rud	2	P.
27553	ruD	7	U.
27553	ruD	1	P.
27556	rup	4	P.
27563	ruS	6	P.
27565	ruz	4	P.
27565	ruz	1	P.
27569	ruh	1	P.
27577	rUkz	10	U.
27582	rUp	10	U.
27593	rUz	1	P.
27593	rUz	10	U.
27593	rUz	10	P.
27599	rek	1	Ā.
27609	rej	1	Ā.
27611	rew	1	U.
27620	rep	1	Ā.
27625	reb	1	Ā.
27626	reB	1	Ā.
27631	rev	1	Ā.
27637	rez	1	Ā.
27639	rE	1	P.
27661	roq	1	P.
27706	rOw	1	P.
27720	lak	10	U.
27726	lakz	1	Ā.
27726	lakz	10	U.
27735	lakzIkf	8	U.
27741	laK	1	P.
27742	lag	1	P.
27742	lag	10	U.
27758	laGUkf	8	U.
27764	laNg	1	P.
27771	laNG	1	U.
27771	laNG	10	U.
27776	laC	1	P.
27777	laj	1,6,1	Ā.
27777	laj	10	P.
27778	lajj	6	Ā.
27787	laYj	1	P.
27787	laYj	10	U.
27800	laq	1	P.
27800	laq	1,10	P.
27800	laq	10	U.
27803	laRq	1,10	P.
27810	lap	1	P.
27815	laB	1	Ā.
27828	lamb	1	Ā.
27843	lay	1	Ā.
27846	larv	1	P.
27847	lal	1	U.
27847	lal	10	U.
27847	lal	10	U.
27883	laS	10	U.
27885	laz	1,4	P.
27885	laz	10	U.
27888	las	1	P.
27897	lasj	1	Ā.
27902	lA	2	P.
27910	lAK	1	P.
27912	lAG	1	Ā.
27924	lAj	1	P.
27926	lAYC	1	P.
27932	lAq	10	U.
27942	lAB	10	P.
27988	liK	6	P.
27994	liNK	1	P.
27997	liNg	1,10	P.
28008	lip	6	U.
28025	liS	6	P.
28025	liS	4	U.
28028	lih	2	U.
28031	lI	1,9	P.
28031	lI	4	Ā.
28041	luYc	1	P.
28046	luYj	10	U.
28047	luw	1	Ā.
28047	luw	10	U.
28047	luw	1,4	P.
28049	luW	1,1	P.
28049	luW	10	U.
28049	luW	6	P.
28052	luq	1	P.
28052	luq	6	P.
28053	luRw	1	P.
28053	luRw	1,10	P.
28056	luRW	1	P.
28062	luRq	10	U.
28066	lunT	1	P.
28067	lup	4	P.
28067	lup	6	U.
28070	luB	6,4	P.
28074	lumb	1,10	P.
28077	lul	1	P.
28080	luz	1	P.
28084	luh	1	P.
28085	lU	9	U.
28093	lUz	1,10	P.
28114	lep	1	P.
28140	lER	1	P.
28142	lok	1	Ā.
28142	lok	10	U.
28149	loc	1	Ā.
28149	loc	10	U.
28149	loc	10	U.
28155	low	1	P.
28163	loq	1	P.
28202	lozw	1	Ā.
28220	lOq	1	P.
28226	lpI	9	P.
28228	lvI	9	P.
28241	vakk	1	Ā.
28255	vakrIkf	8	U.
28256	vakrIBU	1	P.
28259	vakz	1	P.
28265	vaNk	1	P.
28275	vaNg	1	P.
28279	vaNG	1	Ā.
28280	vac	2	P.
28280	vac	10	P.
28300	vaj	1,10	P.
28305	vaYc	1	P.
28315	vaw	1,10	P.
28330	vaW	1	P.
28337	vaR	1	P.
28343	vaRw	1,10	P.
28348	vaRW	1	Ā.
28351	vaRq	1	Ā.
28351	vaRq	10	U.
28373	vad	1	P.
28386	vaD	1	P.
28405	van	1	P.
28405	van	8	U.
28405	van	1,10	P.
28430	vand	1	Ā.
28448	vap	1	U.
28463	vaBr	1	P.
28464	vam	1	P.
28475	vay	1	Ā.
28485	var	10,10	U.
28562	varc	1	Ā.
28573	varR	10	U.
28610	varD	10	U.
28630	varP	1	P.
28660	val	1	Ā.
28689	valk	10	U.
28696	valg	1	U.
28706	valB	1	Ā.
28711	valyUl	1	P.
28712	vall	1	Ā.
28727	valh	1	Ā.
28727	valh	10	U.
28729	vaS	2	P.
28748	vaz	1	P.
28750	vazk	1	Ā.
28753	vas	1	P.
28753	vas	2	Ā.
28753	vas	4	P.
28753	vas	10,10	P.
28753	vas	10	U.
28772	vask	1	Ā.
28777	vast	1	U.
28796	vaMh	10	U.
28797	vah	1	U.
28822	vA	2	P.
28822	vA	4	P.
28822	vA	10	U.
28840	vANkz	1	P.
28871	vAYC	1	P.
28883	vAq	1	Ā.
28896	vAt	10	P.
29074	vAvft	4	Ā.
29076	vAS	4	Ā.
29087	vAs	10	U.
29087	vAs	4	Ā.
29133	vAh	1	Ā.
29165	vikacIkf	8	U.
29168	vikatT	1	Ā.
29172	vikamp	1	Ā.
29186	vikal	10	U.
29189	vikalIkf	8	U.
29195	vikas	1	P.
29204	vikAS	1	Ā.
29219	vikf	8	U.
29228	vikfz	1	P.
29232	vikF	6	P.
29236	vikxp	1	Ā.
29246	vikram	1	Ā.
29256	vikrI	9	Ā.
29263	vikruS	1	P.
29278	vikzip	6	P.
29284	vikzuB	1,4,9	Ā.
29293	viKyA	2	P.
29297	vigaR	10	P.
29302	vigam	1	P.
29306	vigarh	1	U.
29309	vigal	1	P.
29316	vigE	1	P.
29320	vigrah	9	P.
29326	viGaw	1	Ā.
29330	viGaww	10	U.
29345	vic	3,7	U.
29347	vicakz	2	Ā.
29351	vicaw	1	P.
29354	vicar	1	P.
29369	vical	1	P.
29376	vici	5	U.
29387	vicint	10	U.
29394	vicezw	1	Ā.
29399	vicC	6	P.
29399	vicC	10	U.
29405	vicCid	7	U.
29410	vicCur	6	P.
29413	vicyu	1	Ā.
29416	vij	3	U.
29416	vij	6,7	Ā.
29423	vijan	4	Ā.
29439	viji	1	Ā.
29454	vijfmB	1	Ā.
29462	vijYA	9	U.
29482	viw	1	P.
29495	viq	1	P.
29499	viqamb	10	U.
29512	vitaq	10	P.
29519	vitan	8	U.
29527	vitark	10	U.
29538	vitAnIkf	8	U.
29548	vitF	1	P.
29551	vitt	10	U.
29555	vitras	1,4	P.
29559	viT	1	Ā.
29561	vid	2	P.
29561	vid	4	Ā.
29561	vid	6	U.
29561	vid	7	Ā.
29561	vid	10	Ā.
29574	vidal	1	P.
29596	vidF	9,10	P.
29613	vidyut	1	Ā.
29623	vidru	1	P.
29638	viD	6	P.
29638	viD	1	Ā.
29648	viDA	3	U.
29670	viDU	5,10,6	U.
29677	viDf	10	U.
29682	viDvaMs	1	Ā.
29688	vinad	1	P.
29690	vinam	1	P.
29697	vinard	1	U.
29699	vinaS	4	P.
29715	vinikF	6	Ā.
29718	vinikzip	6	Ā.
29722	vinigrah	9	U.
29726	vinipat	1	P.
29734	viniyam	1	P.
29737	viniyuj	7	U.
29741	vinirgam	1	P.
29743	vinirji	1	P.
29750	vinirmuc	6	P.
29755	viniviS	6	P.
29758	vinivf	10	U.
29759	vinivft	1	Ā.
29762	viniSci	5	U.
29770	vinI	1	P.
29780	vinud	6	P.
29789	vinyas	4	P.
29793	vip	10	U.
29797	vipac	1	P.
29801	vipaw	10	U.
29805	vipaR	1	Ā.
29811	vipad	4	Ā.
29817	viparigA	3	P.
29821	viparivft	1	Ā.
29824	viparI	2	P.
29829	viparyas	4	P.
29855	viprakf	8	U.
29860	viprakfz	1	P.
29867	vipratipad	4	Ā.
29881	viprayuj	7	Ā.
29884	vipralap	1	P.
29887	vipralaB	1	Ā.
29895	vipralup	6	P.
29901	vipravas	1	P.
29914	viplu	1	Ā.
29924	viPalIkf	8	U.
29925	viPalIBU	1	P.
29926	vibanD	9	P.
29932	vibuD	1,4	P.
29939	vibrU	2	U.
29944	viBaYj	7	P.
29949	viBA	2	P.
29960	viBAz	1	Ā.
29964	viBid	7	U.
29976	viBU	1	P.
29985	viBUz	10	U.
29990	viBraMS	1,4	Ā.
29994	viBram	1,4	P.
29999	viBrAj	1	Ā.
30002	vimaT	9	P.
30004	vimad	4	P.
30030	vimuc	6	P.
30034	vimuh	4	P.
30039	vimfd	9	P.
30044	vimfS	6	P.
30063	viyam	1	P.
30070	viyu	3	P.
30073	viyuj	7	Ā.
30074	viyujya	4	Ā.
30082	virac	10	U.
30088	virajIkf	8	U.
30089	virajIBU	1	P.
30091	viraYj	1,4	U.
30099	viram	1	P.
30120	virAD	4	P.
30130	viru	2	P.
30136	viruc	1	Ā.
30142	viruD	7	U.
30148	viruh	1	P.
30164	vil	6	P.
30164	vil	10	U.
30166	vilakz	10	U.
30170	vilag	1	P.
30172	vilaNG	10	U.
30175	vilajj	6	Ā.
30177	vilap	1	P.
30182	vilaB	1	Ā.
30183	vilamb	1	Ā.
30193	vilas	1	P.
30206	viliK	6	P.
30211	vilip	6	P.
30221	vilI	4	Ā.
30221	vilI	9	P.
30228	vilup	6	P.
30234	viluB	4	P.
30239	vilul	1	P.
30242	vilok	10	U.
30258	vivad	1	Ā.
30269	vivalg	1	P.
30271	vivas	1	P.
30271	vivas	2	Ā.
30276	vivah	1	P.
30284	vivic	3,7	U.
30289	vivf	5,9	U.
30293	vivfj	10	U.
30297	vivft	1	Ā.
30303	vivfD	1	Ā.
30314	viS	6	P.
30318	viSaNk	1	Ā.
30322	viSada	8	U.
30326	viSas	1	P.
30346	viSiz	7	P.
30356	viSuD	4	P.
30371	viSraR	10	U.
30373	viSram	4	P.
30378	viSramB	1	Ā.
30391	viSliz	4	P.
30406	viSvas	2	P.
30421	viz	3	U.
30421	viz	9,1	P.
30424	vizaYj	1	P.
30435	vizamIBU	1	P.
30442	vizah	1	Ā.
30456	vizk	10	U.
30463	vizkamB	5,9	P.
30472	vizwamB	5,9	P.
30483	vizpand	1	Ā.
30487	vizyand	1	Ā.
30494	vis	4,1	P.
30499	visaMvad	1	P.
30520	visf	1	P.
30528	visfj	6	P.
30536	visfp	1	P.
30542	vistf	5,9	U.
30548	visTA	1	Ā.
30552	visPar	6	P.
30557	visPurj	1	P.
30565	vismi	1	Ā.
30573	vismf	1	P.
30578	visraMs	1	Ā.
30584	visru	1	P.
30588	visvan	1	P.
30596	vihan	2	P.
30601	vihas	1	P.
30605	vihA	2	P.
30614	vihf	1	P.
30629	vihval	1	P.
30631	vI	2	P.
30631	vI	2	P.
30636	vIkz	1	Ā.
30643	vIj	1,10	Ā.
30665	vIB	1	Ā.
30685	vuNg	1	P.
30686	vuRw	10	U.
30687	vunD	10	P.
30691	vf	1,5,9	U.
30691	vf	10	U.
30695	vfk	1	Ā.
30700	vfkz	1	Ā.
30703	vfc	7	P.
30704	vfj	2,7	Ā.
30704	vfj	1,10	P.
30708	vfR	8,6	U.
30709	vft	4	Ā.
30709	vft	10,1	U.
30717	vfD	1	Ā.
30717	vfD	10	U.
30734	vfS	4	P.
30740	vfz	1	P.
30740	vfz	10	Ā.
30770	vF	9	U.
30771	ve	1	U.
30784	veR	1	U.
30805	veT	1	Ā.
30830	ven	1	U.
30833	vep	1	Ā.
30841	vel	1	P.
30841	vel	10	U.
30847	vell	1	P.
30853	vevI	2	Ā.
30869	vezw	1	Ā.
30877	ves	1	P.
30881	veh	1	Ā.
30884	vehl	1	P.
30885	vE	1	P.
31126	vyaMs	10	U.
31140	vyac	6	P.
31144	vyaYj	7	P.
31147	vyaktIkf	8	U.
31148	vyaktIBU	1	P.
31154	vyatikF	6	P.
31164	vyatiyu	2	P.
31173	vyatizaYj	1	P.
31179	vyatI	2	P.
31183	vyatyas	2	Ā.
31183	vyatyas	4	P.
31186	vyaT	1	Ā.
31191	vyaD	4	P.
31199	vyap	10	U.
31200	vyapakfz	1	P.
31202	vyapagam	1	P.
31205	vyapatrap	1	Ā.
31207	vyapadiS	6	P.
31217	vyapavft	1	Ā.
31225	vyape	2	P.
31227	vyapekz	1	Ā.
31234	vyapoh	1	P.
31236	vyaBicar	1	P.
31243	vyay	10	U.
31243	vyay	1	U.
31243	vyay	10	U.
31252	vyavacCid	7	U.
31258	vyavaDA	3	U.
31266	vyavaso	4	P.
31271	vyavasTA	1	Ā.
31280	vyavahf	1	P.
31291	vyave	2	P.
31295	vyaS	5	Ā.
31299	vyas	4	P.
31310	vyAkulIkf	8	U.
31311	vyAkulIBU	1	P.
31313	vyAkf	8	U.
31322	vyAkzip	6	P.
31327	vyAKyA	2	P.
31345	vyAdA	3	U.
31348	vyAdiS	6	P.
31361	vyAp	5	P.
31369	vyApad	4	Ā.
31376	vyApf	6	Ā.
31393	vyAyam	1	P.
31414	vyAvf	5	U.
31417	vyAvft	1	Ā.
31424	vyAsaYj	1	P.
31429	vyAhan	2	P.
31434	vyAhf	1	P.
31439	vyuccar	1	P.
31447	vyutTA	1	Ā.
31450	vyutpad	4	Ā.
31456	vyudas	4	P.
31465	vyuz	10	P.
31471	vyUh	1	P.
31478	vye	1	U.
31483	vraj	1	P.
31483	vraj	10	U.
31489	vraR	1,10	P.
31498	vraSc	6	P.
31505	vrI	9	P.
31505	vrI	4	Ā.
31506	vrIq	4	P.
31511	vrIs	1,10	P.
31514	vruq	6	P.
31516	vrUz	1,10	P.
31518	vlI	9	P.
31520	vlekz	10	U.
31525	SaMs	1	P.
31525	SaMs	2	U.
31534	Sak	5	P.
31534	Sak	4	U.
31544	SakalIkf	8	U.
31575	SaNk	1	Ā.
31592	Sac	1	Ā.
31594	SaYc	1	Ā.
31595	Saw	1	P.
31595	Saw	10	Ā.
31600	SaW	1	P.
31600	SaW	10	P.
31602	SaR	1	P.
31606	SaRq	1	P.
31627	Sad	1	P.
31627	Sad	1	P.
31641	Sap	1,4	U.
31653	Sabd	10	U.
31659	Sam	4	P.
31659	Sam	9	P.
31659	Sam	10	U.
31674	Samb	1,10	P.
31735	Sarb	1	P.
31742	Sarv	1	P.
31749	Sal	1	Ā.
31749	Sal	1	P.
31749	Sal	10	Ā.
31763	SalB	1	Ā.
31769	Sall	1	P.
31774	Sav	1	P.
31780	SaS	1	P.
31786	Saz	1	P.
31789	Sas	1,2	P.
31834	SAK	1	P.
31852	SAq	1	Ā.
31876	SAn	1	U.
31917	SAr	10	U.
31951	SAl	1	Ā.
31997	SAs	2	P.
32011	Si	5	U.
32018	Sikz	1	Ā.
32018	Sikz	10	U.
32040	SiNK	1	P.
32041	SiNG	1	P.
32047	SiYj	1,2,10	Ā.
32053	Siw	1	P.
32088	Sil	6	P.
32122	Siz	1,1,10	P.
32122	Siz	7	P.
32131	SI	2	Ā.
32133	SIk	1	Ā.
32133	SIk	1,10	P.
32158	SIB	1	Ā.
32170	SIl	1	P.
32170	SIl	10	U.
32177	Su	1	P.
32180	Suk	1	P.
32197	Suc	1	P.
32197	Suc	4	U.
32203	SucIyati	1	P.
32204	Sucy	1	P.
32204	Sucy	4	P.
32207	SuW	1	P.
32207	SuW	10	U.
32209	SuRW	1,10	P.
32211	SuRq	1	P.
32221	SuD	4	P.
32224	Sun	6	P.
32232	SunD	1,10	U.
32236	SuB	1	Ā.
32236	SuB	6	P.
32247	SumB	1	P.
32249	Sur	4	Ā.
32250	Sulk	10	U.
32253	Sulv	10	U.
32261	Suz	4	P.
32289	SUr	4	Ā.
32289	SUr	10	U.
32293	SUrp	10	U.
32298	SUl	1	P.
32307	SUz	1	P.
32334	SfD	1	Ā.
32334	SfD	1	U.
32334	SfD	10	U.
32337	SF	9	P.
32338	Sek	1	Ā.
32347	Sel	1	P.
32349	Sev	1	Ā.
32395	So	4	P.
32405	SoR	1	P.
32444	SOw	1	P.
32447	SOq	1	P.
32478	Scyut	1	P.
32487	SmIl	1	P.
32507	SyE	1	Ā.
32511	SraNk	1	Ā.
32512	SraNg	1	P.
32513	SraR	1,10	P.
32515	SraT	1,9	P.
32515	SraT	1,10	P.
32515	SraT	10	U.
32519	SradDA	3	U.
32525	SranT	1	Ā.
32525	SranT	9	P.
32525	SranT	1,10	P.
32531	Sram	4	P.
32536	SramB	1	Ā.
32546	SrA	2	P.
32565	Sri	1	U.
32569	Sriz	1	P.
32570	SrI	9	U.
32576	Sru	1,5	P.
32588	SreRIBU	1	P.
32596	SrE	1	P.
32598	SroR	1	P.
32611	SlaNk	1	Ā.
32612	SlaNg	1	Ā.
32613	SlaT	1	P.
32615	SlAK	1	P.
32616	SlAG	1	Ā.
32624	Sliz	1,4	P.
32624	Sliz	10	Ā.
32641	Slok	1	Ā.
32645	SloR	1	P.
32647	SvaNk	1	Ā.
32648	Svac	1	Ā.
32649	Svaj	1	Ā.
32650	SvaW	10	U.
32651	SvaRW	10	U.
32654	SvaBr	10	U.
32661	Sval	1	P.
32662	Svalk	10	U.
32663	Svall	1	P.
32668	Svas	2	P.
32676	Svi	1	P.
32686	Svit	1	Ā.
32699	Svind	1	Ā.
32738	zWiv	1,4	P.
32741	zvakk	1	Ā.
32744	saMyaj	1	U.
32745	saMyat	1	Ā.
32749	saMyam	1	P.
32758	saMyA	2	P.
32763	saMyuj	7	U.
32763	saMyuj	4	Ā.
32773	saMrakz	1	P.
32777	saMraYj	4	U.
32780	saMraB	1	Ā.
32784	saMram	1	Ā.
32785	saMrAD	4	P.
32792	saMruD	7	U.
32796	saMruh	1	P.
32800	saMlakz	10	U.
32803	saMlap	1	P.
32807	saMliK	6	P.
32809	saMlI	4	Ā.
32813	saMluq	1	P.
32819	saMvad	1	P.
32833	saMvas	1	P.
32836	saMvah	1	P.
32845	saMvij	7,6	P.
32849	saMvid	2	P.
32849	saMvid	6	U.
32859	saMviDA	3	U.
32864	saMviBaj	1	U.
32868	saMviBA	2	P.
32869	saMviS	6	P.
32874	saMvIj	10	P.
32876	saMvf	1,5,9	U.
32883	saMvft	1	Ā.
32891	saMvfD	1	Ā.
32899	saMvyas	4	P.
32902	saMvye	1	U.
32907	saMSam	4	P.
32912	saMSI	2	Ā.
32918	saMSuD	4	P.
32925	saMSri	1	U.
32929	saMSru	5	U.
32934	saMSliz	4	P.
32943	saMsad	1,6	P.
32950	saMsiD	4	P.
32954	saMsUc	10	U.
32956	saMsf	1	P.
32961	saMsfj	6	P.
32970	saMsfp	1	P.
32975	saMsev	1	Ā.
32977	saMskf	8	U.
32986	saMstamB	5,9	P.
32990	saMstu	2	P.
32996	saMstf	5,9	U.
33001	saMsTA	1	Ā.
33010	saMspfS	6	P.
33017	saMsmf	1	P.
33023	saMhan	2	P.
33027	saMhatya	2	P.
33036	saMhf	1	P.
33043	saMhfz	4	P.
33088	sag	1	P.
33098	saG	5	P.
33100	saMkaT	10	U.
33105	saMkal	10	U.
33117	saMkuc	1,6	P.
33123	saMkf	8	U.
33124	saMkfz	1	P.
33126	saMkF	6	P.
33132	saMkFt	10	U.
33134	saMkxp	1	Ā.
33147	saMkram	1	U.
33153	saMkrIq	1	Ā.
33160	saMkzi	1,5,9	P.
33162	saMkzip	6	P.
33167	saMkzuB	1,4,9	Ā.
33171	saMKyA	2	P.
33181	saMgam	1	Ā.
33194	saMgF	9,6	U.
33196	saMgE	1	P.
33201	saMgrah	9	U.
33209	saMgrAm	10	Ā.
33212	saMGaw	1	Ā.
33214	saMGaww	1	Ā.
33223	saMGuz	1	P.
33225	saMGfz	1	P.
33228	sac	1,3	Ā.
33252	sajj	1	P.
33257	sajjIkf	8	U.
33258	sajjIBU	1	P.
33265	saMcar	1	P.
33274	saMcal	1	P.
33281	saMci	5	U.
33287	saMcint	10	U.
33290	saMcUrR	10	U.
33293	saMCad	10	U.
33297	saMCid	7	U.
33300	saYj	1	P.
33302	saMjan	4	Ā.
33306	saMjap	1	P.
33308	saMjalp	1	P.
33314	saMjIv	1	P.
33316	saMjYA	9	Ā.
33332	saw	1,10	P.
33337	saww	10	U.
33341	saW	10	U.
33383	satyAkf	8	U.
33386	satr	10	Ā.
33393	sad	1,6	P.
33426	san	1,8	P.
33453	saMtakz	1	P.
33455	saMtan	8	U.
33461	saMtap	1	P.
33467	saMtam	4	P.
33474	saMtud	6	U.
33475	saMtuz	4	P.
33481	saMtF	1	P.
33484	saMtyaj	1	P.
33487	saMtras	1,4	P.
33489	saMdaMS	1	P.
33495	saMdah	1	P.
33506	saMdiS	6	P.
33510	saMdih	2	U.
33517	saMdIp	4	Ā.
33520	saMduz	4	P.
33524	saMduh	1,2	P.
33525	saMdfB	6	P.
33528	saMdfS	1	P.
33534	saMDA	3	U.
33552	saMDukz	1	Ā.
33555	saMDf	10	U.
33563	saMnam	1	P.
33567	saMnah	4	U.
33577	saMniDA	3	U.
33581	saMnipat	1	P.
33600	saMniviS	6	Ā.
33604	saMnivft	1	Ā.
33609	saMnI	1	P.
33611	saMnyas	4	P.
33616	sap	1	P.
33622	sapatrAkf	8	U.
33679	saBAj	10	U.
33686	sam	1	P.
33686	sam	10	U.
33694	samaj	1	P.
33698	samatikram	1	U.
33701	samatI	2	P.
33705	samaDigam	1	P.
33710	samanujYA	9	U.
33716	samanvi	2	P.
33734	samarT	10	U.
33753	samavasTA	1	Ā.
33758	samave	2	P.
33763	samaS	5	U.
33763	samaS	9	P.
33766	samas	4	P.
33778	samAkram	1	U.
33783	samAKyA	2	P.
33793	samAcar	1	P.
33799	samAjYA	9	U.
33803	samAdA	3	U.
33806	samAdiS	6	P.
33809	samADA	3	U.
33819	samAnI	1	P.
33822	samAp	5	P.
33832	samApad	4	Ā.
33842	samAmnA	1	P.
33851	samAyuj	7	U.
33856	samAraB	1	Ā.
33859	samAruh	1	P.
33867	samAlaB	1	Ā.
33871	samAlamb	1	Ā.
33879	samAvas	1	P.
33884	samAviS	6	P.
33888	samAvf	5	U.
33890	samAvft	1	Ā.
33895	samASri	1	U.
33900	samASvas	2	P.
33907	samAsaYj	1	P.
33912	samAsad	10	U.
33916	samAhf	1	P.
33925	samAhve	1	P.
33931	sami	2	P.
33939	saminD	7	Ā.
33948	samIkf	8	U.
33953	samIkz	1	Ā.
33973	samIh	1	Ā.
33981	samucci	5	U.
33983	samucCid	7	P.
33986	samucCri	1	U.
33992	samujjfmB	1	Ā.
33998	samutkram	1	P.
34003	samutTA	1	P.
34007	samutpaw	10	U.
34009	samutpat	1	P.
34011	samutpad	4	Ā.
34031	samudi	2	P.
34036	samudgam	1	Ā.
34045	samudDf	1	U.
34056	samudvah	1	P.
34061	samund	7	P.
34064	samunnam	1	P.
34068	samunnah	4	P.
34072	samunnI	1	U.
34080	samupaviS	6	P.
34084	samupasTA	1	U.
34091	samupe	2	P.
34095	samullas	1	P.
34101	samUh	1	U.
34107	samfD	4,5	P.
34110	same	2	P.
34112	sameD	1	Ā.
34116	saMpaW	1	P.
34118	saMpat	1	P.
34122	saMpad	4	Ā.
34129	saMpare	2	Ā.
34138	saMpiz	7	P.
34140	saMpIq	10	U.
34147	saMpUj	10	U.
34152	saMpfc	7,2	P.
34161	saMpratipad	4	Ā.
34168	saMpratI	2	P.
34173	saMpradA	1,3	P.
34179	saMpraDf	10	U.
34181	saMprapad	4	Ā.
34193	saMprayuj	7	U.
34198	saMpravad	1	U.
34200	saMpraviS	6	P.
34202	saMpravft	1	Ā.
34212	saMprasTA	1	Ā.
34216	saMprAp	5	P.
34219	saMprI	4	Ā.
34222	saMprekz	1	Ā.
34227	saMplu	1	Ā.
34233	saMb	1,10	P.
34235	saMbanD	9	P.
34242	saMbAD	1	Ā.
34246	saMbuD	1,4	U.
34253	saMBaj	1	U.
34260	saMBAz	1	Ā.
34264	saMBid	7	U.
34267	saMBuj	7	U.
34276	saMBU	1	P.
34286	saMBf	3	U.
34290	saMBram	1,4	P.
34295	saMmad	4	P.
34299	saMman	4	Ā.
34304	saMmantr	10	Ā.
34309	saMmA	3,2	Ā.
34312	saMmil	6	P.
34318	saMmIl	1	P.
34323	saMmurcC	1	Ā.
34327	saMmuh	4	P.
34333	saMmfj	2,10	P.
34339	saMmfd	1,9	P.
34346	say	1	Ā.
34401	sarj	1	Ā.
34418	sarb	1	P.
34420	sarv	1	P.
34437	sal	1	P.
34496	saSc	1	U.
34500	sas	2	P.
34515	sah	4	P.
34515	sah	1	Ā.
34629	sAw	10	U.
34659	sAD	5	P.
34659	sAD	4	P.
34664	sADanIkf	8	P.
34665	sADanIBU	1	P.
34678	sADAraRIkf	8	U.
34679	sADAraRIBU	1	P.
34714	sAntv	10	U.
34752	sAm	10	U.
34974	si	5,9	U.
34993	sic	6	U.
35003	siw	1	P.
35008	siD	4	P.
35008	siD	1	P.
35033	sinv	1	P.
35043	sil	6	P.
35046	siv	4	P.
35057	sIk	1	Ā.
35057	sIk	1,10	P.
35087	su	1,1,2	U.
35087	su	5	U.
35090	suK	10	P.
35094	suKAkf	8	U.
35103	suww	10	U.
35134	sur	6	P.
35134	sur	10	P.
35166	suh	4	P.
35168	sU	2,4	Ā.
35168	sU	6	P.
35174	sUc	10	U.
35199	sUtr	10	U.
35207	sUd	1	Ā.
35207	sUd	10	U.
35223	sUr	4	Ā.
35231	sUrkz	1,4	P.
35241	sUrkz	1	P.
35243	sUz	1	P.
35247	sf	1,3	P.
35264	sfj	6	P.
35264	sfj	4	Ā.
35278	sfp	1	P.
35284	sfB	1	P.
35286	sF	9	P.
35288	sek	1	Ā.
35315	sel	1	P.
35316	sev	1	Ā.
35332	sE	1	P.
35362	so	4	P.
35553	skand	1	Ā.
35554	skand	1	P.
35554	skand	10	U.
35562	skanD	10	U.
35567	skamB	1,5,9	Ā.
35572	sku	5,9	U.
35573	skund	1	Ā.
35574	skumB	5,9	P.
35576	sKad	1	Ā.
35578	sKal	1	P.
35581	sKuq	6	P.
35582	stak	1	P.
35584	stan	1,10	P.
35600	stam	1	P.
35604	stamB	1,5,9	Ā.
35631	stiG	5	Ā.
35632	stip	1	Ā.
35635	stim	4	P.
35639	stu	2	U.
35646	stuc	1	Ā.
35648	stuB	1	P.
35648	stuB	1	Ā.
35650	stumB	5,9	P.
35653	stUp	4,10	P.
35655	stf	5	U.
35655	stf	5	P.
35658	stfkz	1	P.
35659	stfh	6	P.
35660	stF	9	U.
35661	sten	10	U.
35667	step	1,10	Ā.
35669	stE	1	P.
35679	stom	10	P.
35686	styE	1	U.
35695	sTag	1	P.
35709	sTal	1	P.
35718	sTA	1	P.
35743	sTAyIBU	1	P.
35767	sTuq	6	P.
35774	sTUl	10	Ā.
35793	snas	1,4	P.
35795	snA	2	P.
35812	sniw	10	U.
35813	snih	4	P.
35817	snu	2	P.
35823	snus	4	P.
35824	snuh	4	P.
35833	snE	1	P.
35835	spand	1	Ā.
35840	sparD	1	Ā.
35847	sparS	10	Ā.
35855	sparz	1	Ā.
35856	spaS	1	U.
35862	spf	5	P.
35865	spfS	6	P.
35874	spfh	10	U.
35881	spF	9	P.
35884	sPaw	1	P.
35891	sPaRw	1,10	P.
35892	sPaRq	1,10	P.
35900	sPAy	1	Ā.
35908	sPAl	1	P.
35912	sPiw	10	U.
35913	sPiww	10	U.
35915	sPuw	6,1	P.
35915	sPuw	10	U.
35922	sPuww	10	U.
35923	sPuq	6	P.
35924	sPuRw	1,10	P.
35925	sPuRq	1,10	Ā.
35927	sPur	6	P.
35933	sPurcC	1	P.
35934	sPurj	1	P.
35941	sPul	6	P.
35971	smi	1	Ā.
35978	smiw	10	U.
35979	smIl	1	P.
35980	smf	5	P.
35980	smf	1	P.
35985	syand	1	Ā.
35993	syam	1,10	P.
36006	sraMs	1	Ā.
36012	sraMh	1	Ā.
36020	sramB	1	Ā.
36034	sriD	1	U.
36035	sriB	1	P.
36036	srimB	1	P.
36037	sriv	4	P.
36038	sru	1	P.
36048	srek	1	Ā.
36049	srE	1	P.
36060	svaMg	1	P.
36063	svaYj	1	Ā.
36066	svaW	10	U.
36068	svad	1	Ā.
36068	svad	10	U.
36074	svan	1	P.
36079	svap	2	P.
36079	svap	1	U.
36088	svar	10	U.
36104	svart	10	P.
36105	svard	1	Ā.
36106	sval	1	P.
36114	svask	1	Ā.
36164	svASliz	4	P.
36169	svid	4	P.
36169	svid	1	Ā.
36175	svIkf	8	U.
36178	svurcC	1	P.
36179	svf	1	P.
36180	svF	9	P.
36181	svek	1	Ā.
36208	haw	1	P.
36211	haW	1	P.
36222	had	1	Ā.
36225	han	2	P.
36248	hamm	1	P.
36249	hay	1	P.
36284	hary	1	P.
36292	hal	1	P.
36325	has	1	P.
36350	hA	3	Ā.
36350	hA	3	P.
36354	hAniH	3	Ā.
36408	hi	5	P.
36409	hiMs	1,7,10	P.
36423	hikk	1	U.
36423	hikk	10	Ā.
36437	hiRq	1	Ā.
36471	hil	6	P.
36489	hu	3	P.
36492	huq	1,6	P.
36498	huRq	1	Ā.
36506	hurcC	1	P.
36508	hul	1	P.
36515	hUq	1	Ā.
36522	hf	1	U.
36522	hf	3	P.
36539	hfz	1,4	P.
36548	heW	1	P.
36550	heq	1	Ā.
36550	heq	1	P.
36572	hel	1	Ā.
36583	hez	1	Ā.
36604	hoq	1,1	Ā.
36629	hOq	1	P.
36634	hnu	2	Ā.
36637	hmal	1	P.
36641	hrag	1	P.
36646	hrap	10	P.
36647	hras	1	P.
36657	hrAd	1	Ā.
36665	hrI	3	P.
36675	hruq	1	P.
36676	hrep	1	Ā.
36677	hrez	1	Ā.
36681	hrOq	1	P.
36682	hlag	1	P.
36684	hlap	10	P.
36685	hlas	1	P.
36686	hlAd	1	Ā.
36694	hval	1	P.
36697	hvf	1	P.
36700	hve	1	U.
