Lnum	basehw	suffix	resolution
17	aMsaH	sO	aMsO
206.024	agaja	jam	agajam
233.020	agUQaganDa	nDaH	agUQaganDaH
243.038	agnyADeyaH	yama	None
243.088	agnigarBa	rBA	agnigarBA
243.108	agnija	jaH	agnijaH
243.108	agnija	jAtaH	None
243.108	agnija	jam	agnijam
243.108	agnija	jAtama	None
243.114	agnijihva	hvA	agnijihvA
243.122	agnitejas	s	agnitejas
243.122	agnitejas	s	agnitejas
243.136	agnidIpta	ptA	agnidIptA
243.202	agniBUti	tiH	agniBUtiH
243.210	agnimanTaH	nTaH	agnimanTaH
243.220	agnimuKaH	KaH	agnimuKaH
243.220	agnimuKaH	KI	agnimuKI
243.258	agnivarRa	rRA	agnivarRA
243.260	agnivarDaka	kaH	agnivarDakaH
243.298	agniSiKa	KaH	agniSiKaH
243.298	agniSiKa	Kam	agniSiKam
243.298	agniSiKa	KA	agniSiKA
243.302	agniSeKara	raH	agniSeKaraH
243.302	agniSeKara	ram	agniSeKaram
243.326	agnisamBava	vam	agnisamBavam
243.330	agnisAram	raH	agnisAraH
243.330	agnisAram	ram	agnisAram
243.356	agnihotram	tra	agnihotra
255.052	agraja	jaH	agrajaH
255.052	agraja	jA	agrajA
255.090	agrabIja	jaH	agrabIjaH
255.110	agrayAna	nam	agrayAnam
256.020	agrataHsara	raH	agrataHsaraH
260.026	agrediDizuH	zUH	None
268.030	aGanASA	naH	None
281.046	aNkapUraRam	banDaH	None
305.034	aNgaja	jaH	aNgajaH
305.034	aNgaja	jA	aNgajA
305.034	aNgaja	jam	aNgajam
305.052	aNgaBUH	BUH	aNgaBUH
305.072	aNgarakzaRI	Ram	None
315.022	aNganApriya	yaH	aNganApriyaH
319.032	aNgAraparRam	rRaH	aNgAraparRaH
341.042	aNgulisaNgA	NgaH	aNgulisaNNgaH
341.048	aNgulisaMBUta	taH	aNgulisaMBUtaH
360.030	acalaja	jA	acalajA
360.030	acalaja	jAtA	None
379.020	acCodan	dA	None
379.020	acCodan	daM	None
394.028	ajASvam	SvaH	ajASvaH
394.046	ajagaraH	rI	ajagarI
394.082	ajamuKa	KI	ajamuKI
432.020	ajAtAri	riH	ajAtAriH
432.020	ajAtAri	truH	None
445.020	ajihmaga	gaH	ajihmagaH
541.022	aRqAkAra	raH	aRqAkAraH
541.022	aRqAkAra	tiH	None
541.038	aRqaja	jaH	aRqajaH
541.038	aRqaja	jA	aRqajA
724.020	atiriktANga	gam	atiriktANgam
845.042	atyantasukumAra	raH	atyantasukumAraH
973.036	adButasvana	naH	adButasvanaH
978.028	adyaSvIna	nA	adyaSvInA
986.030	adrikIlA	laH	adrikIlaH
986.034	adrija	jA	adrijA
986.034	adrija	jam	adrijam
986.036	adrijAta	taH	adrijAtaH
986.064	adriBU	BUH	adriBUH
1010.022	aDarOzWaH	zwam	None
1022.020	aDokza	kzam	aDokzam
1022.058	aDodfzwi	zwiH	aDodfzwiH
1022.074	aDomuKa	KaH	aDomuKaH
1022.074	aDomuKa	KA	aDomuKA
1022.074	aDomuKa	KI	aDomuKI
1022.074	aDomuKa	Kam	aDomuKam
1022.094	aDaHSaya	yyA	None
1034.020	aDikANga	Ngam	aDikANgam
1247.028	aDvagaH	gA	aDvagA
1297.076	anantaSIrza	rzA	anantaSIrzA
1301.020	anantarajaH	jA	anantarajA
1308.022	ananyASrita	tam	ananyASritam
1308.054	ananyapUrvaH	rvA	ananyapUrvA
1387.020	anavadyANga	aNgI	None
1462.020	anAdyananta	antaH	anAdyanantaH
1498.020	anAyAsakfta	tam	anAyAsakftam
1508.022	anAryaja	jam	anAryajam
1611.042	anilaprakfti	tiH	anilaprakftiH
2298.028	anekArTa	rTaH	anekArTaH
2298.048	anekaja	jaH	anekajaH
2298.064	anekarUpa	paH	anekarUpaH
2328.024	antodAtta	ttaH	antodAttaH
2334.054	antaHkuwila	laH	antaHkuwilaH
2334.090	antarGaRaH	naH	None
2334.090	antarGaRaH	RaH	antarGaRaH
2334.112	antarjyotis	s	antarjyotis
2334.114	antarjvalanam	naH	antarjvalanaH
2334.116	antastApa	paH	antastApaH
2334.192	antaHpurikaH	kaH	antaHpurikaH
2334.192	antaHpurikaH	kA	antaHpurikA
2334.208	antarbAzpa	zpaH	antarbAzpaH
2334.226	antarmuKa	Kam	antarmuKam
2334.242	antarlamba	baH	antarlambaH
2334.246	antarloma	mam	antarlomam
2334.254	antarvaRa	Ram	antarvaRam
2334.284	antarvedi	diH	antarvediH
2334.284	antarvedi	dI	antarvedI
2334.314	antaHsAra	raH	antaHsAraH
2334.320	antaHsTa	sTaH	antaHsTaH
2334.320	antaHsTa	sTA	antaHsTA
2345	antari	ayati	None
2348.020	antarikzodara	ram	antarikzodaram
2368.020	antyUti	tiH	antyUtiH
2374.034	antyaja	jaH	antyajaH
2374.034	antyaja	jA	antyajA
2374.052	antyayoni	niH	antyayoniH
2385.022	anDAhiH	hiH	anDAhiH
2385.022	anDAhiH	hikaH	None
2385.032	anDatAmasam	sA	anDatAmasA
2385.036	anDatAmisraH	sram	anDatAmisram
2385.036	anDatAmisraH	sraH	anDatAmisraH
2385.036	anDatAmisraH	sram	anDatAmisram
2396.028	annAda	daH	annAdaH
2396.088	annapUrRa	rRA	annapUrRA
2401.026	anyodarya	ryaH	anyodaryaH
2401.026	anyodarya	ryA	anyodaryA
2401.056	anyaDarman	rmaH	None
2401.094	anyarUpa	pam	anyarUpam
2403.020	anyadarTa	rTaH	anyadarTaH
2408.030	anyatovAta	taH	anyatovAtaH
2411.022	anyaTAkAraH	ram	anyaTAkAram
2420.026	anyonyASraya	yaH	anyonyASrayaH
2600.026	apatyatA	dA	None
2610.020	apadAntara	ram	apadAntaram
2690.024	aparAnta	ntaH	aparAntaH
2690.050	aparaja	jaH	aparajaH
3017.020	apuzpaPala	laH	apuzpaPalaH
3017.020	apuzpaPala	daH	None
3025.020	apUrRakAla	laH	apUrRakAlaH
3138.020	apratihatanetra	traH	apratihatanetraH
3206.020	aprAptakAla	lam	aprAptakAlam
3229.006	apsuja	jAH	apsujAH
3253.020	abudDipUrva	rvam	abudDipUrvam
3253.020	abudDipUrva	rvakam	None
3259.044	abjavAhanaH	nA	abjavAhanA
3269.026	abDija	jaH	abDijaH
3269.028	abDijam	jO	abDijO
3269.028	abDijam	jA	abDijA
3290.028	aBayada	daH	aBayadaH
3592	aBiyAtiH	yI	None
3592	aBiyAtiH	tA	aBiyAtiHtA
3934.024	aByantarakaraRa	nam	None
4096.044	aBrapuzpaH	zpam	aBrapuzpam
4096.060	aBravarza	rzaH	aBravarzaH
4189.024	amitABa	BaH	amitABaH
4218.020	amuzyakula	lam	amuzyakulam
4229.058	amftotpannA	nnam	amftotpannnam
4229.060	amftopastaraRam	vaH	None
4229.074	amftagarBa	rBaH	amftagarBaH
4229.078	amftaja	jaH	amftajaH
4229.086	amftadrava	vaH	amftadravaH
4229.088	amftaDAra	rA	amftaDArA
4229.098	amftaPalaH	lA	amftaPalA
4229.098	amftaPalaH	lam	amftaPalam
4229.122	amftarasaH	sA	amftarasA
4229.132	amftasAra	raH	amftasAraH
4229.140	amftasravaH	vA	amftasravA
4275.050	ambuja	jaH	ambujaH
4275.050	ambuja	jam	ambujam
4275.058	ambuda	daH	ambudaH
4275.076	ambupa	paH	ambupaH
4275.092	ambumAtraja	jaH	ambumAtrajaH
4275.102	amburuhaH	hA	amburuhA
4275.116	ambuvAhin	nI	ambuvAhinI
4282.020	amBoja	jaH	amBojaH
4282.020	amBoja	jam	amBojam
4282.020	amBoja	jA	amBojA
4289.054	amlaputraH	trI	amlaputrI
4289.062	amlaPalaH	lam	amlaPalam
4289.068	amlarasa	saH	amlarasaH
4289.092	amlaSAkaH	kam	amlaSAkam
4289.094	amlasAraH	ram	amlasAram
4313.026	ayaTocita	tam	ayaTocitam
4313.028	ayaTAtaTa	Tam	ayaTAtaTam
4323	ayas	yaH	None
4323.056	ayojAla	lam	ayojAlam
4323.080	ayomuKa	KaH	ayomuKaH
4331.022	ayAtayAma	mam	ayAtayAmam
4371.020	ayonija	jaH	ayonijaH
4371.020	ayonija	jA	ayonijA
4381	arajas	jAH	None
4388.090	araRyavAsin	nI	araRyavAsinI
4394.020	aratatrapa	pa	aratatrapa
4418	araram	raH	araraH
4418	araram	rI	ararI
4465.028	arizwatAti	tiH	arizwatAtiH
4478.030	aruRAtmajaH	jA	aruRAtmajA
4478.034	aruRodakam	kA	aruRodakA
4478.052	aruRapriya	yA	aruRapriyA
4478.060	aruRalocana	naH	aruRalocanaH
4490	arus	ruH	None
4490.020	aruzkara	raH	aruzkaraH
4490.020	aruzkara	ram	aruzkaram
4516.046	arkajaH	jO	arkajO
4516.048	arkatanayaH	yA	arkatanayA
4516.066	arkanayana	naH	arkanayanaH
4516.070	arkapatraH	trA	arkapatrA
4516.070	arkapatraH	tram	arkapatram
4516.070	arkapatraH	rRam	None
4516.078	arkapuzpAdyam	zpI	None
4544	arcin	rcI	None
4548	arjaka	rjikA	arjikA
4555.022	arRavodBavaH	vA	arRavodBavA
4555.022	arRavodBavaH	vam	arRavodBavam
4555.024	arRavaja	jam	arRavajam
4555.024	arRavaja	jaH	arRavajaH
4564.100	arTajAta	tam	arTajAtam
4564.104	arTatattvam	daH	None
4567	arTavat	vAn	None
4582.034	arDAvaBedakaH	kam	arDAvaBedakam
4582.058	arDoruka	kam	arDorukam
4582.088	arDacandra	ndraH	arDacandraH
4582.088	arDacandra	drA	arDacandrA
4582.094	arDacandrakam	raH	None
4582.094	arDacandrakam	ti	None
4582.146	arDapaTam	paTe	arDapaTe
4582.234	arDasama	mam	arDasamam
4613.030	arvAgvasu	suH	arvAgvasuH
4620.020	arSoGna	GnaH	arSoGnaH
4620.020	arSoGna	GnI	arSoGnI
4620.024	arSohita	taH	arSohitaH
4662.046	alampuruzIRa	RaH	alampuruzIRaH
4698.032	alipriya	yaH	alipriyaH
4698.032	alipriya	yA	alipriyA
4742.028	alpAyus	yuH	None
4742.032	alpAhAra	raH	alpAhAraH
4742.054	alpaganDa	nDam	alpaganDam
4742.064	alpatanu	nuH	alpatanuH
4742.090	alpapramARa	RaH	alpapramARaH
4742.090	alpapramARa	RakaH	None
4742.096	alpaprARa	RaH	alpaprARaH
4742.118	alpamUrti	rtiH	alpamUrtiH
4792	avakIrRin	rRI	None
5146.020	avamUrDaSaya	yaH	avamUrDaSayaH
5160	avayAj	yAH	None
5160	avayAj	yAjO	None
5170.020	avarArDaH	rDam	avarArDam
5170.024	avarArDya	rDyam	avarArDyam
5170.030	avaraja	jaH	avarajaH
5170.036	avaravarRa	rRaH	avaravarRaH
5170.042	avaravrata	taH	avaravrataH
5209	avarRa	rRaH	avarRaH
5428.028	avANmuKa	KaH	avANmuKaH
5465.042	avipriyaH	yA	avipriyA
5513	avijYAtf	tA	avijYAtftA
5637	avisargin	gI	None
5698.032	avyaktarAga	gaH	avyaktarAgaH
5698.040	avyaktaliNga	NgaH	avyaktaliNgaH
5698.040	avyaktaliNga	Ngam	avyaktaliNgam
5721.020	avyayAtman	tmA	None
5850.026	aSmakuwwa	wwaH	aSmakuwwaH
5850.026	aSmakuwwa	wwakaH	None
5850.062	aSmadAraRaH	Ram	aSmadAraRam
5850.086	aSmasAra	raH	aSmasAraH
5850.086	aSmasAra	ram	aSmasAram
5882	aSreyas	s	aSreyas
5890.038	aSvAroha	haH	aSvArohaH
5890.038	aSvAroha	hA	aSvArohA
5890.052	aSvakarRaH	rRaH	aSvakarRaH
5890.066	aSvaKuraH	rA	aSvaKurA
5890.150	aSvabanDana	nam	aSvabanDanam
5890.174	aSvamuKa	KaH	aSvamuKaH
5890.174	aSvamuKa	KI	aSvamuKI
5890.180	aSvameDika	kaH	aSvameDikaH
5890.180	aSvameDika	yaH	None
5890.180	aSvameDika	kam	aSvameDikam
5890.192	aSvaraTaH	TA	aSvaraTA
5890.284	aSvasTAna	nam	aSvasTAnam
5890.286	aSvahantf	tA	aSvahantftA
5923.020	azwAkzara	raH	azwAkzaraH
5923.022	azwANga	Ngam	azwANgam
5923.048	azwakapAla	laH	azwakapAlaH
5923.050	azwakarRa	rRaH	azwakarRaH
5923.050	azwakarRa	karman	None
5923.054	azwakulAcalAH	maryAdAgirayaH	None
5923.068	azwaguRa	Ram	azwaguRam
5923.106	azwapadaH	daH	azwapadaH
5923.106	azwapadaH	dam	azwapadam
5923.128	azwamaNgalaH	lam	azwamaNgalam
6014.024	asadAcAra	raH	asadAcAraH
6014.058	asadvftti	ttiH	asadvfttiH
6014.062	asadvyavahAra	raH	asadvyavahAraH
6017	asatkarman	rma	None
6135.046	asipatra	traH	asipatraH
6135.046	asipatra	tram	asipatram
6135.066	asihatya	tyam	asihatyam
6139.038	asitagrIva	vaH	asitagrIvaH
6145	asuH	su	asu
6145.030	asunItaH	tam	asunItam
6145.038	asusama	maH	asusamaH
6157.046	asurarakzasa	sam	asurarakzasam
6225.074	asTivigraha	haH	asTivigrahaH
6265.020	asrArjaka	kaH	asrArjakaH
6298.034	ahardiva	vam	ahardivam
6298.042	aharniSam	Sam	aharniSam
6298.058	ahArAtraH	tram	ahArAtram
6300.024	ahaNkartavya	vyam	ahaNkartavyam
6310.038	ahicCatraH	traH	ahicCatraH
6310.108	ahimanyu	nyuH	ahimanyuH
6310.124	ahisakTa	kTaH	ahisakTaH
6319.002	ahInaH	nam	ahInam
6382.030	AkASagaH	gaH	AkASagaH
6382.030	AkASagaH	gA	AkASagA
6487.022	AKUtTa	tTaH	AKUtTaH
6561.004	AgrahAyaRakaH	RikaH	None
6682.034	AjYAkara	raH	AjYAkaraH
6688.028	Ajyapa	pAH	AjyapAH
6722.022	ARqaja	jaH	ARqajaH
6722.022	ARqaja	jam	ARqajam
6780.020	AtmADIna	naH	AtmADInaH
6780.030	AtmAdizwa	zwaH	AtmAdizwaH
6780.038	AtmASraya	yaH	AtmASrayaH
6780.044	AtmodBava	vaH	AtmodBavaH
6780.044	AtmodBava	vA	AtmodBavA
6780.050	Atmopama	maH	AtmopamaH
6780.062	Atmagata	tam	Atmagatam
6780.100	Atmatuzwi	zwiH	AtmatuzwiH
6780.152	AtmaBU	BUH	AtmaBUH
6780.154	AtmayoniH	BUH	None
6780.156	AtmaBUta	taH	AtmaBUtaH
6780.156	AtmaBUta	tA	AtmaBUtA
6780.194	AtmavaSa	SaH	AtmavaSaH
6780.208	AtmavIra	raH	AtmavIraH
6780.214	Atmavftti	ttiH	AtmavfttiH
6780.242	AtmasaMBavaH	vA	AtmasaMBavA
6780.252	AtmasuKa	Kam	AtmasuKam
6780.262	Atmahita	tam	Atmahitam
6821.020	Adyanta	tam	Adyantam
6821.066	AdibudDa	dDaH	AdibudDaH
6821.068	AdiBava	vaH	AdiBavaH
6821.068	AdiBava	taH	None
6821.068	AdiBava	tam	None
6829.026	AdityapatraH	tram	Adityapatram
6934.020	AnakadunduBiH	BiH	AnakadunduBiH
6934.020	AnakadunduBiH	BI	AnakadunduBI
6940.046	AnandapUrRa	rRaH	AnandapUrRaH
6940.050	AnandaBErava	vaH	AnandaBEravaH
7057.026	AptakAma	maH	AptakAmaH
7079.032	ApadDarmaH	mam	ApadDarmam
7180	Abda	bdI	AbdI
7256	Amantrayitf	tA	AmantrayitftA
7263	AmaraRAnta	kI	None
7308	Amodin	dI	None
7324.022	AmrAvarta	rtam	AmrAvartam
7414.002	AraRyaH	RyaH	AraRyaH
7533.020	ArDaDAtuka	kam	ArDaDAtukam
7538.046	AryamiSra	SraH	AryamiSraH
7538.056	Aryavftta	ttam	Aryavfttam
7538.060	Aryavrata	tam	Aryavratam
7598	AliNgin	gI	None
7745	Avartin	rtI	None
7797.042	ASAvaha	haH	ASAvahaH
7812.030	ASuga	gaH	ASugaH
7812.034	ASutoza	zaH	ASutozaH
7838.024	ASrayASaH	ASaH	ASrayASaH
7838.024	ASrayASaH	ka	ASrayASaka
7874.020	AzAQaBava	vaH	AzAQaBavaH
7874.020	AzAQaBava	BUH	None
7883	AsaH	sam	Asam
8041	Ahartf	rtA	None
8130.028	itikaTa	TA	itikaTA
8167.022	indirAmandiraH	ram	indirAmandiram
8171.026	indukAntaH	tA	indukAntA
8171.030	indujaH	jA	indujA
8176.032	indrAyuDam	DaH	indrAyuDaH
8176.032	indrAyuDam	DA	indrAyuDA
8176.048	indrakIlaH	lam	indrakIlam
8176.054	indrakfzwa	zwaH	indrakfzwaH
8176.100	indrajAlika	kaH	indrajAlikaH
8176.154	indrapurohitaH	tA	indrapurohitA
8184.036	indriyagocara	raH	indriyagocaraH
8184.054	indriyaboDana	nam	indriyaboDanam
8215.022	irAkzIra	raH	irAkzIraH
8215.024	irAcara	ram	irAcaram
8216	irAvat	vAn	None
8260.030	izwaganDa	DaH	izwaganDaH
8260.030	izwaganDa	Dam	izwaganDam
8269.028	izvAsa	saH	izvAsaH
8269.048	izumAtra	tram	izumAtram
8312	Idfkza	kzI	IdfkzI
8312	Idfkza	SI	None
8355.024	Izatkara	ram	Izatkaram
8355.040	IzatpARqu	RquH	IzatpARquH
8355.048	Izadrakta	ktaH	IzadraktaH
8356.022	IzAdanta	ntaH	IzAdantaH
8381	ukzan	kzA	None
8390.028	ugraganDa	nDaH	ugraganDaH
8390.028	ugraganDa	nDA	ugraganDA
8390.028	ugraganDa	nDam	ugraganDam
8390.062	ugraputra	traH	ugraputraH
8390.082	ugrasenaH	nA	ugrasenA
8399.034	uccanIca	cam	uccanIcam
8404.024	uccErGoza	zaH	uccErGozaH
8404.038	uccEHsvara	raH	uccEHsvaraH
8428	uccala	lam	uccalam
8526.024	uqupaH	paH	uqupaH
8527	uqumbaraH	ram	uqumbaram
8659.030	uttAnapAda	daH	uttAnapAdaH
8659.032	uttAnaSaya	yaH	uttAnaSayaH
8659.032	uttAnaSaya	yA	uttAnaSayA
8659.036	uttAnahasta	stO	uttAnahastO
8677.022	uttarADara	rO	uttarADarO
8677.058	uttaretara	rA	uttaretarA
8677.060	uttarottara	ram	uttarottaram
8677.060	uttarottara	ram	uttarottaram
8677.130	uttarapaScima	maH	uttarapaScimaH
8677.130	uttarapaScima	mA	uttarapaScimA
8677.140	uttarapUrva	rvA	uttarapUrvA
8677.200	uttarasaMjYita	taH	uttarasaMjYitaH
8677.204	uttarasADaka	kaH	uttarasADakaH
8823.022	utsAhavarDanaH	nam	utsAhavarDanam
8833	utsuka	kaH	utsukaH
8870.064	udakada	daH	udakadaH
8897.056	udapezam	zam	udapezam
8897.084	udavAsaH	sam	udavAsam
8897.088	udavAha	haH	udavAhaH
8897.106	udahAra	raH	udahAraH
8911.038	udarapiSAca	caH	udarapiSAcaH
8911.046	udaraSaya	yaH	udaraSayaH
9028	udGAwakaH	kam	udGAwakam
9143.020	udBijja	jjaH	udBijjaH
9310.030	unmattapralapita	tam	unmattapralapitam
9678	upanetf	tA	upanetftA
9845.020	upalabDArTa	bDArTA	upalabDArTA
10254	uBaya	yI	uBayI
10254.028	uBayacara	raH	uBayacaraH
10254.036	uBayaBAgahara	ram	uBayaBAgaharam
10255.032	uBayatomuKa	KI	uBayatomuKI
10273	uraRaH	RI	uraRI
10293	uru	ru	uru
10293	uru	rvI	None
10293.030	urukrama	maH	urukramaH
10293.032	urukzaya	yaH	urukzayaH
10293.036	urugAya	yaH	urugAyaH
10293.062	uruloka	kaH	urulokaH
10293.062	uruloka	kam	urulokam
10419.028	uzobuDa	DaH	uzobuDaH
10463.050	UruskamBaH	mBA	UruskamBA
10483.022	UrDvAyana	nam	UrDvAyanam
10483.038	UrDvakaRWa	RWI	UrDvakaRWI
10483.050	UrDvaga	gaH	UrDvagaH
10483.056	UrDvagati	tiH	UrDvagatiH
10483.062	UrDvacaraRa	RaH	UrDvacaraRaH
10483.062	UrDvacaraRa	pAdam	None
10483.084	UrDvadfzwi	zwiH	UrDvadfzwiH
10483.108	UrDvapfSni	SniH	UrDvapfSniH
10483.130	UrDvamuKa	Kam	UrDvamuKam
10499	UzaH	zam	Uzam
10507.026	UzmapaH	paH	UzmapaH
10632.002	ekaH	kam	ekam
10632.022	ekAkza	kzaH	ekAkzaH
10632.024	ekAkzara	ram	ekAkzaram
10632.026	ekAgni	kaH	ekAgnikaH
10632.028	ekAgra	graH	ekAgraH
10632.032	ekANgaH	aNgam	None
10632.032	ekANgaH	NgI	ekANgI
10632.046	ekAnta	taH	ekAntaH
10632.046	ekAnta	tam	ekAntam
10632.046	ekAnta	tam	ekAntam
10632.046	ekAnta	tena	None
10632.046	ekAnta	tataH	None
10632.046	ekAnta	te	ekAnte
10632.056	ekAnnam	nnaH	ekAnnaH
10632.064	ekAyana	nam	ekAyanam
10632.068	ekArTa	rTaH	ekArTaH
10632.082	ekAzWIla	laH	ekAzWIlaH
10632.116	ekarc	cam	None
10632.118	ekEka	kam	ekEkam
10632.130	ekakArya	ryam	ekakAryam
10632.148	ekaguru	ruH	ekaguruH
10632.148	ekaguru	rukaH	None
10632.156	ekacakra	krA	ekacakrA
10632.160	ekacara	raH	ekacaraH
10632.166	ekacitta	ttam	ekacittam
10632.194	ekajAti	tiH	ekajAtiH
10632.204	ekatAna	naH	ekatAnaH
10632.284	ekanATa	TaH	ekanATaH
10632.288	ekaniScaya	yaH	ekaniScayaH
10632.308	ekapad	pAd	None
10632.308	ekapad	padI	ekapadI
10632.312	ekapada	de	ekapade
10632.312	ekapada	dI	ekapadI
10632.330	ekapAtin	nI	ekapAtinI
10632.332	ekapAda	daH	ekapAdaH
10632.370	ekaBakta	Buktam	None
10632.374	ekaBAryA	ryaH	ekaBArryaH
10632.392	ekamuKa	Kam	ekamuKam
10632.410	ekarasa	saH	ekarasaH
10632.438	ekavastra	stram	ekavastram
10632.460	ekaviMSa	SaH	ekaviMSaH
10632.500	ekaSaPa	PaH	ekaSaPaH
10632.512	ekaSAlA	lam	ekaSAlam
10632.528	ekaSrutiH	ti	ekaSruti
10632.562	ekahAyana	nam	ekahAyanam
10881.026	ozaDija	jaH	ozaDijaH
10998	Opayika	kI	OpayikI
11126.030	kaNkamuKa	KaH	kaNkamuKaH
11126.030	kaNkamuKa	Kam	kaNkamuKam
11129	kaNkaRaH	karaH	None
11149.028	kacapaH	pam	kacapam
11197.036	kawaKAdaka	kaH	kawaKAdakaH
11228.026	kawukaPalaH	lam	kawukaPalam
11382.060	kaduzRa	zRam	kaduzRam
11399.036	kanakAhvayaH	yam	kanakAhvayam
11399.064	kanakapraBa	BA	kanakapraBA
11481.026	kapotABa	BaH	kapotABaH
11537.144	karavIraH	rI	karavIrI
11615.056	karRagUTam	TaH	karRagUTaH
11615.098	karRapAliH	lI	karRapAlI
11615.138	karRavarjita	taH	karRavarjitaH
11667.040	karmArha	rhaH	karmArhaH
11667.100	karmajaH	jaH	karmajaH
11693.030	kalakaRWa	RWaH	kalakaRWaH
11693.052	kalanAda	daH	kalanAdaH
11719.032	kalahapriya	yA	kalahapriyA
11739.030	kalipriya	yaH	kalipriyaH
11773	kalyARin	nI	kalyARinI
11789	kavara	rA	kavarA
11789	kavara	rI	kavarI
11860.030	kAkoqumbaraH	rikA	None
11914	kAWinam	naH	kAWinaH
11919.024	kARqakAraH	ram	kARqakAram
11961.022	kAntida	dam	kAntidam
11989.066	kAmAyuDam	DaH	kAmAyuDaH
11989.134	kAmada	daH	kAmadaH
11989.196	kAmarUpa	pAH	kAmarUpAH
11989.210	kAmavallaBaH	BA	kAmavallaBA
12024.036	kAyasTaH	sTI	kAyasTI
12035.002	kAraRA	kAraRAt	None
12123.056	kAlAnusAriH	ryam	None
12123.224	kAlapfzWam	kam	None
12196.020	kAsakuRWa	RWaH	kAsakuRWaH
12196.022	kAsaGna	GnaH	kAsaGnaH
12241.036	kiNkaraH	rA	kiNkarA
12241.036	kiNkaraH	rI	kiNkarI
12530.030	kumBakAraH	rI	kumBakArI
12576.060	kuleSvaraH	rA	kuleSvarA
12576.128	kulaDana	nam	kulaDanam
12638.046	kuSasTalam	lI	kuSasTalI
12708.078	kUwasTa	sTaH	kUwasTaH
12708.078	kUwasTa	sTam	kUwasTam
12759.022	kftANka	NkaH	kftANkaH
12759.030	kftAnta	taH	kftAntaH
12759.098	kftakAla	laH	kftakAlaH
12834.100	kfzRapiNgala	lA	kfzRapiNgalA
12834.152	kfzRasaKaH	KI	kfzRasaKI
13002.064	koSasTa	sTaH	koSasTaH
13203.020	krUrAkfti	tiH	krUrAkftiH
13210	krozwu	zwrI	None
13212.020	krOYcAdanam	nI	krOYcAdanI
13270.026	kzaRadaH	dam	kzaRadam
13354.032	kzitijaH	jA	kzitijA
13446.040	kzetrajYa	jYaH	kzetrajYaH
13489.034	Kaga	gaH	KagaH
13741.028	gajASanaH	nam	gajASanam
13763.030	gaRAByantara	raH	gaRAByantaraH
13764	gaRaka	RikA	gaRikA
13813.036	ganDAQya	QyaH	ganDAQyaH
13813.132	ganDamAdana	naH	ganDamAdanaH
13813.132	ganDamAdana	nam	ganDamAdanam
13856.026	garada	daH	garadaH
13856.026	garada	dam	garadam
14052.044	giricara	raH	giricaraH
14052.046	girija	jA	girijA
14052.094	giriBU	BUH	giriBUH
14052.110	giriSfNgaH	gam	giriSfNgam
14063.028	gItapriya	yaH	gItapriyaH
14063.028	gItapriya	yA	gItapriyA
14097.086	guRakAra	raH	guRakAraH
14268.092	gojAgarikam	kaH	gojAgarikaH
14268.106	gotram	traH	gotraH
14268.116	goda	daH	godaH
14268.116	goda	dA	godA
14268.118	godatra	traH	godatraH
14268.118	godatra	tram	godatram
14268.142	goDanam	naH	goDanaH
14268.188	goparasaH	pakaH	None
14268.188	goparasaH	pikA	None
14268.188	goparasaH	pI	None
14268.218	gopITaH	Tam	gopITam
14268.274	gomuKaH	KaH	gomuKaH
14268.274	gomuKaH	Kam	gomuKam
14268.274	gomuKaH	KI	gomuKI
14359.024	grahAvamardanaH	nam	grahAvamardanam
14448.070	GanaDvani	niH	GanaDvaniH
14560.024	GrARatarpaRa	Ram	GrARatarpaRam
14577.020	cakrANgaH	Ngam	cakrANgam
14577.026	cakrAraH	ram	cakrAram
14577.156	cakrasaMjYam	jYaH	cakrasaMjYaH
14641.038	caturaSra	SraH	caturaSraH
14641.038	caturaSra	sraH	None
14641.060	catuzkoRa	RaH	catuzkoRaH
14641.100	catuzpada	daH	catuzpadaH
14641.100	catuzpada	dI	catuzpadI
14641.122	caturBuja	jam	caturBujam
14642.006	caturTAMSa	SaH	caturTAMSaH
14670.044	candrAnana	naH	candrAnanaH
14670.060	candrakAntaH	taH	candrakAntaH
14670.060	candrakAntaH	tam	candrakAntam
14670.060	candrakAntaH	tam	candrakAntam
14716.022	cararam	rI	cararI
14872.032	cArunetra	netraH	cArunetraH
14872.032	cArunetra	naH	None
14935.064	cittapraSama	maH	cittapraSamaH
14945.124	citraBAnu	nuH	citraBAnuH
15246.044	CAyAmAnaH	nam	CAyAmAnam
15266.030	Cinnamasta	stA	CinnamastA
15266.030	Cinnamasta	kA	None
15314.066	jagannATaH	TO	jagannATO
15314.066	jagannATaH	TA	jagannATA
15314.080	jagadyoniH	niH	jagadyoniH
15374.052	janezwa	zwaH	janezwaH
15374.052	janezwa	zwA	janezwA
15374.076	janapriya	yaH	janapriyaH
15466.036	jalADidEvataH	tam	jalADidEvatam
15466.076	jalArdra	Ardram	jalArdram
15466.076	jalArdra	ArdrA	jalArdrA
15466.082	jalASaya	yaH	jalASayaH
15466.102	jalodBava	vA	jalodBavA
15466.114	jalakara	raH	jalakaraH
15466.130	jalakukkuwaH	wI	jalakukkuwI
15466.150	jalacara	raH	jalacaraH
15466.156	jalaja	jaH	jalajaH
15466.156	jalaja	jaH	jalajaH
15466.156	jalaja	jam	jalajam
15466.156	jalaja	jam	jalajam
15466.250	jalapriyaH	yA	jalapriyA
15466.336	jalavAsaH	sam	jalavAsam
15512	jAgaritf	trI	None
15518	jANgala	lI	jANgalI
15527.054	jAtarUpa	pam	jAtarUpam
15601.054	jayamaNgalaH	lam	jayamaNgalam
15610.022	jitAmitra	traH	jitAmitraH
15610.024	jitAri	riH	jitAriH
15610.036	jitakopa	DaH	None
15615	jitvara	rI	jitvarI
15644.024	jihmaga	gaH	jihmagaH
16047.026	tawasTa	sTaH	tawasTaH
16047.026	tawasTa	sTam	tawasTam
16083.026	tattvajYa	jYaH	tattvajYaH
16087.022	taTAgata	taH	taTAgataH
16090.062	tadgata	taH	tadgataH
16090.064	tadguRa	RaH	tadguRaH
16090.082	tatpara	raH	tatparaH
16090.082	tatpara	rA	tatparA
16090.094	tatPala	laH	tatPalaH
16090.122	tatsTa	sTaH	tatsTaH
16090.124	tadDita	taH	tadDitaH
16091.020	tadAmuKa	Kam	tadAmuKam
16113.020	tanvaNga	NgI	tanvaNgI
16113.034	tanuja	jaH	tanujaH
16113.054	tanuBavaH	vA	tanuBavA
16113.060	tanumaDya	Dyam	tanumaDyam
16113.060	tanumaDya	DyA	tanumaDyA
16118.042	tanUruham	haH	tanUruhaH
16153.040	tapoDana	naH	tapoDanaH
16181.020	tamopaha	haH	tamopahaH
16322.020	tAtagu	guH	tAtaguH
16366.068	tAmramuKa	KaH	tAmramuKaH
16366.082	tAmrasArakaH	kam	tAmrasArakam
16404.020	tAlakABa	BaH	tAlakABaH
16411.032	tAlusTAna	nam	tAlusTAnam
16416.024	tAvanmAtram	tre	tAvanmAtre
16486.054	tilaparRaH	rRam	tilaparRam
16627.036	tuzAragOra	raH	tuzAragOraH
16792.034	toyeSaH	Sam	toyeSam
16792.040	toyakAma	maH	toyakAmaH
16835.032	trayodaSaka	kam	trayodaSakam
16848.028	tryakzaraH	rI	tryakzarI
16848.030	tryaNkawam	waH	tryaNkawaH
16848.054	tryanIka	kA	tryanIkA
16848.070	tryaSra	sram	None
16848.102	trikAlam	lam	trikAlam
16848.108	trikoRa	RaH	trikoRaH
16848.126	triguRa	Ram	triguRam
16848.128	triRAH	RA	None
16848.172	tridaRqam	RqaH	tridaRqaH
16848.176	tridaSAH	SaH	None
16848.180	tridivam	vA	tridivA
16848.226	tripaTam	TA	tripaTA
16848.234	tripada	dam	tripadam
16848.254	tripuwa	waH	tripuwaH
16848.266	tripuram	raH	tripuraH
16848.266	tripuram	rI	tripurI
16848.268	tripuruza	zam	tripuruzam
16848.336	trirAtra	traH	trirAtraH
16848.336	trirAtra	tram	trirAtram
16848.340	triliNga	gAH	triliNgAH
16848.340	triliNga	gI	triliNgI
16848.342	trilokam	kaH	trilokaH
16848.346	trilocanaH	nA	trilocanA
16848.390	triSata	tam	triSatam
16887	trEvarRa	kI	None
16907.044	tvakpuzpaH	zpI	tvakpuzpI
16907.044	tvakpuzpaH	zpam	tvakpuzpam
16970.040	dakzasutaH	tA	dakzasutA
16973.046	dakziRetara	rA	dakziRetarA
16973.056	dakziRapaScima	mA	dakziRapaScimA
16975.022	dakziRAvarta	rtaH	dakziRAvartaH
16987.078	daRqaDara	raH	daRqaDaraH
17019.074	dantaDAvaH	naH	None
17019.104	dantaPalaH	lA	dantaPalA
17019.150	dantaSaWa	WaH	dantaSaWaH
17058.020	dayAkara	raH	dayAkaraH
17077.002	dardaraH	rI	dardarI
17109.020	daSANgula	lam	daSANgulam
17109.024	daSArDa	rDam	daSArDam
17109.024	daSArDa	rDaH	daSArDaH
17109.108	daSarAtram	traH	daSarAtraH
17114	daSama	mI	daSamI
17157	dAtf	tA	dAtftA
17218.002	dArakaH	kI	dArakI
17245	dAlam	laH	dAlaH
17301.022	divAnDa	nDaH	divAnDaH
17301.060	divAsvapnaH	paH	None
17305.042	divyaganDaH	nDA	divyaganDA
17305.042	divyaganDaH	nDam	divyaganDam
17305.072	divyavastra	straH	divyavastraH
17307.024	digambara	raH	digambaraH
17307.024	digambara	rI	digambarI
17307.104	digvasana	straH	None
17347.024	dIptAgni	gniH	dIptAgniH
17354.154	dIrGasatram	traH	dIrGasatraH
17389.020	durakza	kzaH	durakzaH
17389.024	duratikrama	maH	duratikramaH
17389.034	duraDizWita	tam	duraDizWitam
17389.046	durantaka	kaH	durantakaH
17389.048	duranvaya	yaH	duranvayaH
17389.094	durAcAra	raH	durAcAraH
17389.104	durADarza	rzaH	durADarzaH
17389.120	durAbADa	DaH	durAbADaH
17389.126	durAruha	haH	durAruhaH
17389.130	durAroha	haH	durArohaH
17389.134	durAloka	kaH	durAlokaH
17389.148	durAsada	daH	durAsadaH
17389.150	durita	tam	duritam
17389.186	dureva	vaH	durevaH
17389.190	durga	gaH	durgaH
17389.190	durga	gam	durgam
17389.190	durga	gaH	durgaH
17389.190	durga	kaH	durgakaH
17389.190	durga	naH	None
17389.190	durga	rgA	durgA
17389.198	durganDa	nDaH	durganDaH
17389.198	durganDa	nDam	durganDam
17389.204	durgama	mam	durgamam
17389.216	durgraha	haH	durgrahaH
17389.226	durjana	naH	durjanaH
17389.228	durjaya	yaH	durjayaH
17389.232	durjAta	tam	durjAtam
17389.234	durjAti	tiH	durjAtiH
17389.236	durjYAna	yaH	None
17389.250	durRIta	tam	durRItam
17389.264	durdAnta	taH	durdAntaH
17389.266	durdina	nam	durdinam
17389.284	durDara	raH	durDaraH
17389.390	durmuKa	KaH	durmuKaH
17389.402	duryoDa	naH	None
17389.416	durlalita	tam	durlalitam
17389.420	durvaca	cam	durvacam
17389.426	durvarRaH	rRam	durvarRam
17389.436	durvAcya	cyam	durvAcyam
17389.470	durvinIta	taH	durvinItaH
17389.472	durvipAka	kaH	durvipAkaH
17389.484	durviza	zaH	durvizaH
17389.486	durvizaha	haH	durvizahaH
17389.488	durvftta	ttam	durvfttam
17413.040	dozajYa	jYaH	dozajYaH
17421.022	duzkara	ram	duzkaram
17421.048	duScara	raH	duScaraH
17421.050	duScarita	tam	duScaritam
17421.076	duzparigraha	haH	duzparigrahaH
17421.096	duzpraRIta	tam	duzpraRItam
17421.134	duHSAsana	naH	duHSAsanaH
17445.046	dUradarSana	naH	dUradarSanaH
17445.046	dUradarSana	nam	dUradarSanam
17445.064	dUrapAra	raH	dUrapAraH
17445.064	dUrapAra	rA	dUrapArA
17463.020	dfQANga	gam	dfQANgam
17463.062	dfQapAda	daH	dfQapAdaH
17463.086	dfQamuzwi	zwiH	dfQamuzwiH
17495.034	dfggocara	raH	dfggocaraH
17505.030	dfzwigocara	raH	dfzwigocaraH
17517.042	devABIzwa	zwA	devABIzwA
17517.084	devezwa	zwaH	devezwaH
17517.084	devezwa	zwA	devezwA
17517.086	deveSaH	SI	deveSI
17517.126	devaganDarvaH	rvam	devaganDarvam
17517.176	devadatta	ttaH	devadattaH
17517.178	devadarSana	naH	devadarSanaH
17517.182	devadAsaH	sI	devadAsI
17517.368	devavratam	taH	devavrataH
17544.036	deSakAlO	lam	None
17611.022	dorgraha	haH	dorgrahaH
17758.024	drohabudDi	dDiH	drohabudDiH
17794.032	dvAragopaH	paH	dvAragopaH
17799.022	dvyakzara	raH	dvyakzaraH
17799.024	dvyaNgula	lam	dvyaNgulam
17799.072	dvigu	guH	dviguH
17799.092	dvijAtIya	yaH	dvijAtIyaH
17799.096	dvijihva	hvaH	dvijihvaH
17799.212	dvirUpa	paH	dvirUpaH
17799.248	dviSaPa	PaH	dviSaPaH
17799.274	dvisahasra	sram	dvisahasram
17812.024	dvirukta	ktam	dviruktam
17867.064	Danada	daH	DanadaH
17867.084	Danamada	daH	DanamadaH
17881.024	Danuzkara	raH	DanuzkaraH
17918.026	DarmADikaraRam	RaH	DarmADikaraRaH
17918.044	DarmApeta	tam	DarmApetam
17918.116	Darmakzetram	traH	DarmakzetraH
17918.118	Darmagupta	ptaH	DarmaguptaH
17918.150	DarmajIvana	naH	DarmajIvanaH
17918.214	Darmapravacanam	naH	DarmapravacanaH
17918.264	DarmalakzaRam	RA	DarmalakzaRA
18045.024	DUrDara	raH	DUrDaraH
18045.026	DUrvaha	haH	DUrvahaH
18071.020	DUmABa	BaH	DUmABaH
18084.030	DUmralohita	taH	DUmralohitaH
18102.042	Dftavrata	taH	DftavrataH
18214.026	nEkaH	kaH	nEkaH
18227.042	nakzatranemiH	miH	nakzatranemiH
18231.032	naKadAraRaH	Ram	naKadAraRam
18237.044	nagaja	jaH	nagajaH
18243	nagnahu	hUH	None
18258.034	nawasaMjYakam	kaH	nawasaMjYakaH
18275.022	natANga	NgI	natANgI
18285.034	nadIja	jaH	nadIjaH
18285.034	nadIja	jam	nadIjam
18319.038	naBaScara	raH	naBaScaraH
18348.024	nayanABirAma	maH	nayanABirAmaH
18350.044	narADAraH	rA	narADArA
18350.070	naranArAyaRaH	RO	naranArAyaRO
18379.026	narmagarBa	rBaH	narmagarBaH
18379.028	narmada	daH	narmadaH
18379.032	narmadyuti	tiH	narmadyutiH
18391.028	nalinIruhaH	ham	nalinIruham
18394.064	navayOvanam	nA	navayOvanA
18435.082	nAgajIvanam	naH	nAgajIvanaH
18435.092	nAganakzatram	kaH	nAganakzatrakaH
18438.006	nAgarakam	rikam	None
18488.024	nAndImuKa	Kam	nAndImuKam
18488.024	nAndImuKa	KaH	nAndImuKaH
18488.024	nAndImuKa	KI	nAndImuKI
18504.058	nAmamAtra	tram	nAmamAtram
18504.070	nAmavAcaka	kam	nAmavAcakam
18534.004	nAlaH	lam	nAlam
18534.004	nAlaH	laH	nAlaH
18923.040	niraYjana	naH	niraYjanaH
18923.040	niraYjana	nA	niraYjanA
18923.042	niratiSaya	yaH	niratiSayaH
18923.050	niranukroSa	SaH	niranukroSaH
18923.064	nirantara	ram	nirantaram
18923.074	niraparADa	DaH	niraparADaH
18923.082	nirapekza	kzA	nirapekzA
18923.104	nirargala	lam	nirargalam
18923.106	nirarTa	rTaH	nirarTaH
18923.108	nirarTaka	kam	nirarTakam
18923.114	niravagraha	ham	niravagraham
18923.130	niraSana	nam	niraSanam
18923.134	nirazwa	zwaH	nirazwaH
18923.150	nirAkAra	raH	nirAkAraH
18923.152	nirAkfti	tiH	nirAkftiH
18923.156	nirAkula	lam	nirAkulam
18923.158	nirAkranda	daH	nirAkrandaH
18923.170	nirAtaNka	kaH	nirAtaNkaH
18923.172	nirAtapa	pA	nirAtapA
18923.190	nirAmaya	yaH	nirAmayaH
18923.190	nirAmaya	yam	nirAmayam
18923.190	nirAmaya	yaH	nirAmayaH
18923.210	nirAlamba	mbA	nirAlambA
18923.210	nirAlamba	mbam	nirAlambam
18923.212	nirAloka	kaH	nirAlokaH
18923.232	nirAhAra	raH	nirAhAraH
18923.248	nirIha	hA	nirIhA
18923.250	nirucCvAsa	saH	nirucCvAsaH
18923.260	nirutsAha	haH	nirutsAhaH
18923.298	nirupAKya	Kyam	nirupAKyam
18923.316	nirguRa	RaH	nirguRaH
18923.322	nirgranTa	nTaH	nirgranTaH
18923.324	nirgranTaka	kaH	nirgranTakaH
18923.326	nirgranTika	kaH	nirgranTikaH
18923.338	nirjana	nam	nirjanam
18923.342	nirjara	raH	nirjaraH
18923.342	nirjara	ram	nirjaram
18923.346	nirjala	laH	nirjalaH
18923.382	nirDana	naH	nirDanaH
18923.416	nirbADa	DaH	nirbADaH
18923.418	nirbIja	jA	nirbIjA
18923.430	nirBara	raH	nirBaraH
18923.430	nirBara	ram	nirBaram
18923.430	nirBara	ram	nirBaram
18923.440	nirmakzika	kam	nirmakzikam
18923.464	nirmaryAda	dam	nirmaryAdam
18923.464	nirmaryAda	dam	nirmaryAdam
18923.466	nirmala	lam	nirmalam
18923.480	nirmuwaH	wam	nirmuwam
18923.488	nirmoha	haH	nirmohaH
18923.492	niryantraRa	Ram	niryantraRam
18923.510	nIraja	jaH	nIrajaH
18923.522	nIrasa	saH	nIrasaH
18923.532	nIrUpa	paH	nIrUpaH
18923.532	nIrUpa	pam	nIrUpam
18923.546	nirlipta	ptaH	nirliptaH
18923.550	nirlepa	paH	nirlepaH
18923.574	nirvAta	taH	nirvAtaH
18923.582	nirvikalpa	lpam	nirvikalpam
18923.586	nirvikAra	raH	nirvikAraH
18923.590	nirviGna	Gnam	nirviGnam
18923.592	nirvicAra	ram	nirvicAram
18923.614	nirviSeza	zaH	nirviSezaH
18923.654	nirvEra	ram	nirvEram
18923.658	nirvyaYjana	nam	nirvyaYjanam
18923.680	nirvyAja	jam	nirvyAjam
19019.002	nirdaraH	riH	None
19220.024	nivfttakAraRa	RaH	nivfttakAraRaH
19238.036	niSAnDa	nDA	niSAnDA
19238.072	niSAcara	raH	niSAcaraH
19238.072	niSAcara	rI	niSAcarI
19252.020	niScalANga	NgaH	niScalANgaH
19379.020	nizkaRwaka	kaH	nizkaRwakaH
19379.034	nizkala	laH	nizkalaH
19379.042	nizkAma	mam	nizkAmam
19379.044	nizkAraRa	Ram	nizkAraRam
19379.110	nistala	lA	nistalA
19379.124	nistriMSa	SaH	nistriMSaH
19379.140	nizpada	dam	nizpadam
19379.148	nizparigraha	haH	nizparigrahaH
19379.194	nizpratikAra	ram	nizpratikAram
19379.222	nizprayojana	nam	nizprayojanam
19379.232	nizPala	lA	nizPalA
19379.232	nizPala	lI	nizPalI
19379.238	niHSabda	bdaH	niHSabdaH
19379.238	niHSabda	bdam	niHSabdam
19379.246	niHSalAka	kam	niHSalAkam
19379.250	niHSUka	kaH	niHSUkaH
19379.258	niHSreyasa	saH	niHSreyasaH
19379.258	niHSreyasa	sam	niHSreyasam
19379.260	niHsaMSaya	yam	niHsaMSayam
19379.266	niHsaMga	gam	niHsaMgam
19379.272	niHsattva	ttvam	niHsattvam
19379.284	niHsaMpAta	taH	niHsaMpAtaH
19379.302	niHsneha	hA	niHsnehA
19386.020	nisfzwArTa	rTaH	nisfzwArTaH
19431.026	nIcaga	gA	nIcagA
19431.026	nIcaga	gam	nIcagam
19444.022	nIraja	jaH	nIrajaH
19444.022	nIraja	jam	nIrajam
19449.038	nIlAmbara	raH	nIlAmbaraH
19449.048	nIlakaRWaH	Wam	nIlakaRWam
19449.072	nIlapatraH	vam	None
19449.094	nIlalohita	taH	nIlalohitaH
19449.096	nIlavarRa	rRam	nIlavarRam
19455.020	nIlIrAga	gaH	nIlIrAgaH
19482.044	nfpaH	BA	None
19506.068	netraparyanta	taH	netraparyantaH
19673.054	pakzaDara	raH	pakzaDaraH
19688.032	paNkajam	jaH	paNkajaH
19732.024	paYcANga	NgaH	paYcANgaH
19732.024	paYcANga	NgI	paYcANgI
19732.024	paYcANga	Ngam	paYcANgam
19732.028	paYcANgula	laH	paYcANgulaH
19732.040	paYcAmfta	tam	paYcAmftam
19732.060	paYcAnanaH	nI	paYcAnanI
19732.100	paYcakfzRaH	zRAH	paYcakfzzRAH
19732.122	paYcaguRa	RAH	paYcaguRAH
19732.122	paYcaguRa	RI	paYcaguRI
19732.134	paYcajanaH	nI	paYcajanI
19732.136	paYcajanIna	naH	paYcajanInaH
19732.152	paYcataya	yaH	paYcatayaH
19732.240	paYcaBuja	jaH	paYcaBujaH
19732.328	paYcaSata	tam	paYcaSatam
19851.034	pativedanaH	nam	pativedanam
19866.062	patrapAlaH	lI	patrapAlI
19882.032	paTivAhaka	kaH	paTivAhakaH
19887.028	padAnuga	gaH	padAnugaH
19902.020	pannagaH	gam	pannagam
19903.020	padmAkza	kzaH	padmAkzaH
19903.020	padmAkza	kzam	padmAkzam
19903.030	padmAlayaH	yA	padmAlayA
19903.032	padmAsanam	naH	padmAsanaH
19903.038	padmakara	raH	padmakaraH
19903.038	padmakara	staH	None
19903.038	padmakara	rA	padmakarA
19903.038	padmakara	stA	None
19903.060	padmaganDa	nDam	padmaganDam
19903.060	padmaganDa	ganDi	None
19903.120	padmalAYCanaH	nA	padmalAYCanA
19937.032	parAntaH	tAH	parAntAH
19937.038	parAnna	nnam	parAnnam
19937.040	parApara	raH	parAparaH
19937.040	parApara	ram	parAparam
19937.046	parAyaRa	Ram	parAyaRam
19937.048	parArTa	rTaH	parArTaH
19937.050	parArTin	rTam	None
19937.050	parArTin	rTe	None
19937.056	parArDya	rDyam	parArDyam
19937.058	parAvara	rA	parAvarA
19937.058	parAvara	ram	parAvaram
19937.068	parAcita	taH	parAcitaH
19937.078	parASraya	yaH	parASrayaH
19937.078	parASraya	yA	parASrayA
19937.110	parEDita	taH	parEDitaH
19937.134	paraguRa	RaH	paraguRaH
19937.142	paracCanda	daH	paracCandaH
19937.152	parajAta	taH	parajAtaH
19937.154	parajita	taH	parajitaH
19937.214	parapuzwa	zwaH	parapuzwaH
19985.026	parANmuKa	KaH	parANmuKaH
20200.024	pariRAmadfzwi	zwiH	pariRAmadfzwiH
20677.030	parokzavftti	ttiH	parokzavfttiH
20690.020	parRASanam	naH	parRASanaH
20690.038	parRaKaRqaH	qam	parRaKaRqam
20791.052	parvatavAsin	nI	parvatavAsinI
20907.042	pAkaja	jam	pAkajam
20977.034	pARigrahaRika	yam	None
21041.038	pAdAntaram	re	pAdAntare
21041.146	pAdapaH	pA	pAdapA
21041.154	pAdapASaH	SikaH	None
21041.154	pAdapASaH	SI	pAdapASI
21064.062	pApaGna	GnaH	pApaGnaH
21064.062	pApaGna	GnI	pApaGnI
21064.086	pApanASana	naH	pApanASanaH
21064.086	pApanASana	nam	pApanASanam
21064.086	pApanASana	nI	pApanASanI
21064.086	pApanASana	nASinI	None
21064.116	pApayoni	niH	pApayoniH
21064.132	pApasaMkalpa	lpaH	pApasaMkalpaH
21088.020	pArApAram	raH	pArApAraH
21088.030	pAraga	gam	pAragam
21088.032	pAragata	taH	pAragataH
21235.076	pArSvasTa	sTaH	pArSvasTaH
21306.020	piNgAkza	kzaH	piNgAkzaH
21364.050	piRqada	daH	piRqadaH
21364.072	piRqapuzpaH	puzpam	piRqapuzpam
21385.062	pitfdeva	vAH	pitfdevAH
21385.064	pitfdevata	tam	pitfdevatam
21385.068	pitfdevatya	tyam	pitfdevatyam
21385.086	pitfpEtAmaha	hAH	pitfpEtAmahAH
21385.092	pitfbanDuH	nDum	None
21385.124	pitfvrataH	tam	pitfvratam
21469.024	pItAruRa	RaH	pItAruRaH
21469.058	pItanIla	laH	pItanIlaH
21469.074	pItarakta	ktam	pItaraktam
21469.086	pItasAraH	ram	pItasAram
21495.088	puMliNga	Ngam	puMliNgam
21495.096	puMsavana	nam	puMsavanam
21512.020	puYjizWaH	zWaH	puYjizWaH
21536.036	puRyakIrtanaH	nam	puRyakIrtanam
21536.048	puRyaganDa	nDaH	puRyaganDaH
21536.060	puRyadarSana	naH	puRyadarSanaH
21536.060	puRyadarSana	nam	puRyadarSanam
21536.070	puRyaPalam	laH	puRyaPalaH
21536.086	puRyaSakunam	naH	puRyaSakunaH
21536.092	puRyaSloka	kaH	puRyaSlokaH
21536.092	puRyaSloka	kA	puRyaSlokA
21543.076	putrahataH	tI	putrahatI
21558.042	punarukta	ktam	punaruktam
21558.082	punarBava	vaH	punarBavaH
21575.032	purogatiH	tiH	purogatiH
21575.056	puroBAga	gaH	puroBAgaH
21575.066	puraHsaraH	raH	puraHsaraH
21575.066	puraHsaraH	ram	puraHsaram
21591.026	purAkft	tam	None
21591.028	purAyoni	niH	purAyoniH
21591.034	purAvftta	tam	purAvfttam
21592.002	purAtanaH	nam	purAtanam
21605.052	puruhUta	taH	puruhUtaH
21642.032	puzwivarDana	naH	puzwivarDanaH
21652.180	puzpalAvaH	vI	puzpalAvI
21690.028	pUtiganDa	nDaH	pUtiganDaH
21697.028	pUyaraktaH	ktam	pUyaraktam
21706.050	pUrRakAma	maH	pUrRakAmaH
21715.032	pUrvApara	ram	pUrvAparam
21715.040	pUrvArjita	tam	pUrvArjitam
21715.060	pUrvottara	rA	pUrvottarA
21715.060	pUrvottara	re	pUrvottare
21715.068	pUrvakAla	laH	pUrvakAlaH
21715.076	pUrvakfta	tam	pUrvakftam
21715.088	pUrvaja	jaH	pUrvajaH
21715.088	pUrvaja	jA	pUrvajA
21715.098	pUrvadakziRa	RA	pUrvadakziRA
21715.148	pUrvapUrva	rvAH	pUrvapUrrvAH
21760.020	pfTUdara	raH	pfTUdaraH
21782.066	pfzWamAMsam	dam	None
21782.066	pfzWamAMsam	danam	None
22028.020	prakftArTa	rTaH	prakftArTaH
22029.040	prakftiBAva	vaH	prakftiBAvaH
22183.022	pracurapuruza	zaH	pracurapuruzaH
22225.074	prajAhita	tam	prajAhitam
22345.028	pratyaNgam	Ngam	pratyaNgam
22345.036	pratyanantara	ram	pratyanantaram
22345.042	pratyanIka	kaH	pratyanIkaH
22345.042	pratyanIka	kam	pratyanIkam
22345.048	pratyanta	ntaH	pratyantaH
22345.056	pratyamitra	traH	pratyamitraH
22345.056	pratyamitra	tram	pratyamitram
22345.108	pratyeka	kam	pratyekam
22345.194	pratidvandvaH	dvam	pratidvandvam
22345.220	pratipakza	kzaH	pratipakzaH
22345.244	pratipuruzaH	zam	pratipuruzam
22345.264	pratibalaH	lam	pratibalam
22345.278	pratiBawa	waH	pratiBawaH
22345.280	pratiBaya	yam	pratiBayam
22345.308	pratimuKa	Kam	pratimuKam
22345.308	pratimuKa	Kam	pratimuKam
22345.336	pratirUpa	pam	pratirUpam
22345.338	pratirUpaka	kam	pratirUpakam
22345.346	pratiloma	mam	pratilomam
22345.346	pratiloma	mam	pratilomam
22345.366	prativAtaH	tam	prativAtam
22345.374	prativizam	zA	prativizA
22791.030	pratyaYkcetana	naH	pratyaYkcetanaH
22807.020	pratyayakArakaH	RI	pratyayakArakRI
23161.020	praBuBakta	ktaH	praBuBaktaH
23211.034	pramARajYa	jYaH	pramARajYaH
23211.046	pramARaBUta	taH	pramARaBUtaH
23762.020	prahArArta	rtam	prahArArtam
23824.048	prAkkUla	lam	prAkkUlam
23824.060	prAgjanman	zam	None
23852.032	prARAntika	kam	prARAntikam
23852.094	prARada	dam	prARadam
23852.094	prARada	daH	prARadaH
23852.116	prARaDAra	raH	prARaDAraH
23852.192	prARasama	mA	prARasamA
23852.200	prARahAraka	kam	prARahArakam
23937.024	prAptArTa	rTaH	prAptArTaH
23937.026	prAptAvasara	raH	prAptAvasaraH
23937.034	prAptakAla	laH	prAptakAlaH
23937.034	prAptakAla	lam	prAptakAlam
23969	prAyARika	kI	prAyARikI
24071.028	priyApriyaH	yam	priyApriyam
24071.034	priyArha	rhaH	priyArhaH
24071.082	priyajIva	vaH	priyajIvaH
24071.092	priyadarSana	naH	priyadarSanaH
24071.092	priyadarSana	nam	priyadarSanam
24071.092	priyadarSana	nI	priyadarSanI
24071.108	priyaprAya	yam	priyaprAyam
24071.122	priyamaDu	DuH	priyamaDuH
24071.128	priyavacana	nam	priyavacanam
24071.140	priyavAdin	nI	priyavAdinI
24071.146	priyasaKaH	KI	priyasaKI
24090.030	prItida	daH	prItidaH
24090.032	prItidatta	dattam	prItidattam
24090.062	prItivarDana	naH	prItivarDanaH
24223.020	prozWapadaH	dA	prozWapadA
24223.020	prozWapadaH	dI	prozWapadI
24242.022	plavagaH	gA	plavagA
24298.042	PalAmlaH	mlam	PalAmlam
24298.052	PalAQya	QyA	PalAQyA
24298.068	PalotpattiH	ttiH	PalotpattiH
24298.126	Palada	daH	PaladaH
24334.022	PAlakfzwa	zwam	PAlakfzwam
24351.026	Putkfta	tam	Putkftam
24358.024	Pullanayana	naH	PullanayanaH
24358.024	Pullanayana	nam	Pullanayanam
24468.020	balAgram	graH	balAgraH
24468.080	balaja	jam	balajam
24468.080	balaja	jA	balajA
24468.110	balaBadra	draH	balaBadraH
24468.110	balaBadra	drA	balaBadrA
24468.140	balasTa	sTaH	balasTaH
24522.020	bahiraNga	gam	bahiraNgam
24522.034	bahiScara	raH	bahiScaraH
24522.062	bahirmuKa	KaH	bahirmuKaH
24522.072	bahirlamba	mbaH	bahirlambaH
24530.032	bahvapatya	tyaH	bahvapatyaH
24530.032	bahvapatya	tyA	bahvapatyA
24530.048	bahvfca	caH	bahvfcaH
24530.048	bahvfca	cI	bahvfcI
24530.052	bahukara	raH	bahukaraH
24530.052	bahukara	rI	bahukarI
24530.064	bahukzama	maH	bahukzamaH
24530.066	bahukzAram	raH	bahukzAraH
24530.070	bahuganDa	nDam	bahuganDam
24530.112	bahudugDa	gDaH	bahudugDaH
24530.112	bahudugDa	gDA	bahudugDA
24530.136	bahupatraH	tram	bahupatram
24530.136	bahupatraH	trI	bahupatrI
24530.148	bahuprakAra	ram	bahuprakAram
24530.152	bahupraja	jaH	bahuprajaH
24530.170	bahuPala	laH	bahuPalaH
24530.170	bahuPala	lI	bahuPalI
24530.174	bahubIjam	jA	bahubIjA
24530.202	bahumAnaH	nam	bahumAnam
24530.218	bahumUrti	rtiH	bahumUrtiH
24530.224	bahumUlya	lyam	bahumUlyam
24530.232	bahurasa	saH	bahurasaH
24530.234	bahurASi	SiH	bahurASiH
24530.236	bahurUpa	paH	bahurUpaH
24530.270	bahuvIrya	ryaH	bahuvIryaH
24530.276	bahuvrIhi	hiH	bahuvrIhiH
24530.290	bahuSruta	tiH	None
24530.296	bahusaMtati	tiH	bahusaMtatiH
24530.298	bahusAra	raH	bahusAraH
24530.306	bahusvana	naH	bahusvanaH
24589.028	bAlAruRa	RaH	bAlAruRaH
24589.058	bAlakundaH	kundam	bAlakundam
24589.072	bAlakrIqanakam	kaH	bAlakrIqanakaH
24589.092	bAlacaryaH	ryA	bAlacaryA
24590.020	bAlakapriya	yA	bAlakapriyA
24622.064	bAhupraharaRaH	Ram	bAhupraharaRam
24622.068	bAhubanDanam	naH	bAhubanDanaH
24667.020	bimbOzWa	zWaH	bimbOzWaH
24694.022	bIjANkuraH	rO	bIjANkurO
24694.036	bIjAQyaH	ram	None
24694.036	bIjAQyaH	rakam	None
24694.052	bIjakoSaH	SI	bIjakoSI
24758.020	bfhadaNga	NgaH	bfhadaNgaH
24758.090	bfhatPala	lA	bfhatPalA
24773.022	boDakara	raH	boDakaraH
24789.138	brahmacaryam	ryaH	brahmacaryaH
24789.138	brahmacaryam	ryA	brahmacaryA
24789.158	brahmajYa	jYaH	brahmajYaH
24789.194	brahmadeya	yaH	brahmadeyaH
24789.194	brahmadeya	yam	brahmadeyam
24789.214	brahmanizWa	zWaH	brahmanizWaH
24789.236	brahmaputraH	trA	brahmaputrA
24789.236	brahmaputraH	trI	brahmaputrI
24789.306	brahmayoni	niH	brahmayoniH
24789.364	brahmavAdin	nI	brahmavAdinI
24789.424	brahmasaMBava	vaH	brahmasaMBavaH
24822.062	Baktavatsala	laH	BaktavatsalaH
24836.036	BagadEvata	tam	BagadEvatam
24877.022	BawabalAgraH	gram	BawabalAgram
24905.072	BadramuKa	KI	BadramuKI
24918.024	BayApaha	haH	BayApahaH
24918.048	BayanASana	naH	BayanASanaH
24920	BayaMkara	raH	BayaMkaraH
24948.040	Bartfvratam	tA	BartfvratA
25007.024	BasmANgaH	Ngam	BasmANgam
25015.036	BArUpaH	pam	BArUpam
25020.038	BAgaDeyam	yaH	BAgaDeyaH
25077.044	BAravAhaH	hI	BAravAhI
25077.046	BAravAhanaH	nam	BAravAhanam
25101.022	BAlacandraH	drA	BAlacandrA
25105.020	BAvAnuga	gA	BAvAnugA
25147.020	BikzAwanam	naH	BikzAwanaH
25169.022	BinnArTa	rTam	BinnArTam
25174.028	BizagvaraH	rO	BizagvarO
25188.034	BImanAda	daH	BImanAdaH
25188.036	BImaparAkrama	maH	BImaparAkramaH
25188.048	BImavikrAnta	taH	BImavikrAntaH
25234.054	BUcara	raH	BUcaraH
25237.094	BUtaGnaH	DnI	None
25239.024	BUtikAma	maH	BUtikAmaH
25414.036	BrAtfputraH	trI	BrAtfputrI
25538.032	maYjuGoza	zaH	maYjuGozaH
25573.020	maRqalAgra	gram	maRqalAgram
25599.038	mattamayUraH	ram	mattamayUram
25620.046	madotkawa	wA	madotkawA
25620.070	madakala	laH	madakalaH
25646	maDu	Du	maDu
25646.058	maDukaraH	rI	maDukarI
25669.066	maDyamasAhasaH	saH	maDyamasAhasaH
25669.066	maDyamasAhasaH	sam	maDyamasAhasam
25684.076	manojYa	JA	None
25684.142	manorama	mA	manoramA
25684.206	manohara	ram	manoharam
25732.044	mandozRa	zRam	mandozRam
25820.020	markawAsya	syam	markawAsyam
25856.048	malaGna	GnI	malaGnI
25859.036	malayajaH	jaH	malayajaH
25859.036	malayajaH	jam	malayajam
25859.036	malayajaH	jam	malayajam
25863.026	malinamuKa	KaH	malinamuKaH
25880.020	mallikAkzaH	kzI	mallikAkzI
25943.022	mahANga	NgaH	mahANgaH
25943.032	mahAnasam	sI	mahAnasI
25943.032	mahAnasam	saH	mahAnasaH
25943.032	mahAnasam	sam	mahAnasam
25943.036	mahAnuBAva	vaH	mahAnuBAvaH
25943.044	mahAnvaya	yaH	mahAnvayaH
25943.044	mahAnvaya	naH	None
25943.056	mahAmla	mlam	mahAmlam
25943.060	mahArGa	rGaH	mahArGaH
25943.072	mahArha	rham	mahArham
25943.094	mahAQya	QyaH	mahAQyaH
25943.100	mahAnandaH	ndA	mahAnandA
25943.108	mahAramBa	mBaH	mahAramBaH
25943.110	mahAlayaH	yA	mahAlayA
25943.112	mahASaya	yaH	mahASayaH
25943.134	maheSvaraH	rI	maheSvarI
25943.138	mahotpalam	laH	mahotpalaH
25943.142	mahotsAha	haH	mahotsAhaH
25943.146	mahodaya	yaH	mahodayaH
25943.148	mahodara	ram	mahodaram
25943.158	mahonnata	taH	mahonnataH
25943.186	mahOzWa	zWaH	mahOzWaH
25943.190	mahOjasam	sI	mahOjasI
25943.206	mahAkambu	mbuH	mahAkambuH
25943.222	mahAkAntaH	tA	mahAkAntA
25943.224	mahAkAya	yaH	mahAkAyaH
25943.240	mahAkula	lam	mahAkulam
25943.276	mahAganDa	nDaH	mahAganDaH
25943.276	mahAganDa	nDam	mahAganDam
25943.276	mahAganDa	nDA	mahAganDA
25943.290	mahAguRa	RaH	mahAguRaH
25943.310	mahAGoza	zam	mahAGozam
25943.310	mahAGoza	zaH	mahAGozaH
25943.330	mahAjatru	truH	mahAjatruH
25943.352	mahAjvAla	laH	mahAjvAlaH
25943.366	mahAtIkzRa	kzRA	mahAtIkzRA
25943.392	mahAdevaH	vI	mahAdevI
25943.398	mahADana	nam	mahADanam
25943.432	mahAnAdaH	dam	mahAnAdam
25943.440	mahAnidra	drA	mahAnidrA
25943.452	mahAnIla	laH	mahAnIlaH
25943.462	mahApakza	kzaH	mahApakzaH
25943.462	mahApakza	kzI	mahApakzI
25943.478	mahApadmaH	dmam	mahApadmam
25943.520	mahApraBa	BaH	mahApraBaH
25943.540	mahAPala	lA	mahAPalA
25943.540	mahAPala	lam	mahAPalam
25943.548	mahAbala	laH	mahAbalaH
25943.550	mahAbalA	lam	mahAbalam
25943.554	mahAbAhu	huH	mahAbAhuH
25943.596	mahABAgavatam	taH	mahABAgavataH
25943.618	mahABUtam	taH	mahABUtaH
25943.620	mahABogaH	gA	mahABogA
25943.624	mahAmati	tiH	mahAmatiH
25943.628	mahAmada	daH	mahAmadaH
25943.652	mahAmAtra	traH	mahAmAtraH
25943.652	mahAmAtra	trI	mahAmAtrI
25943.662	mahAmAyUram	rI	mahAmAyUrI
25943.676	mahAmuniH	ni	mahAmuni
25943.682	mahAmUlam	laH	mahAmUlaH
25943.684	mahAmUlya	lyaH	mahAmUlyaH
25943.700	mahAmohaH	hA	mahAmohA
25943.734	mahArasa	saH	mahArasaH
25943.734	mahArasa	sam	mahArasam
25943.752	mahArAzwraH	zwrI	mahArAzwrI
25943.764	mahArUpa	paH	mahArUpaH
25943.772	mahArOdra	drI	mahArOdrI
25943.780	mahAliNgam	NgaH	mahAliNgaH
25943.836	mahAvIrya	ryaH	mahAvIryaH
25943.836	mahAvIrya	ryA	mahAvIryA
25943.840	mahAvega	gaH	mahAvegaH
25943.850	mahAvrata	tam	mahAvratam
25943.872	mahASAsana	nam	mahASAsanam
25943.884	mahASUdraH	drI	mahASUdrI
25943.884	mahASUdraH	drA	mahASUdrA
25943.912	mahAsattva	ttvaH	mahAsattvaH
25943.948	mahAsuKam	KaH	mahAsuKaH
25943.964	mahAsenaH	nA	mahAsenA
25961.028	mahIjaH	jA	mahIjA
25961.028	mahIjaH	jam	mahIjam
26036.050	mAtfpakza	kzaH	mAtfpakzaH
26036.086	mAtfsvaseyaH	yI	mAtfsvaseyI
26086.044	mAnada	daH	mAnadaH
26086.044	mAnada	dA	mAnadA
26261.020	mitAkzara	rA	mitAkzarA
26261.026	mitAhAra	raH	mitAhAraH
26286.032	miTyAcAra	raH	miTyAcAraH
26309.032	miSravarRa	rRam	miSravarRam
26329.022	mInARqam	RqA	mInARqA
26362.024	muktAsana	nam	muktAsanam
26362.030	muktakaRWa	RWam	muktakaRWam
26362.052	muktasaMga	gaH	muktasaMgaH
26367.098	muKapriyaH	yam	muKapriyam
26367.178	muKaSoDana	naH	muKaSoDanaH
26367.178	muKaSoDana	nam	muKaSoDanam
26523.022	mUrDABizikta	ktaH	mUrDABiziktaH
26528.058	mUlaja	jaH	mUlajaH
26528.058	mUlaja	jam	mUlajam
26528.118	mUlasTAnam	nI	mUlasTAnI
26553.182	mfgalocanaH	nA	mfgalocanA
26553.182	mfgalocanaH	nI	mfgalocanI
26553.206	mfgaSIrzam	rzaH	mfgaSIrzaH
26580.022	mftARqaH	RqA	mftARqA
26580.066	mftasaMjIvana	nam	mftasaMjIvanam
26580.066	mftasaMjIvana	nI	mftasaMjIvanI
26580.066	mftasaMjIvana	nI	mftasaMjIvanI
26580.068	mftasUtakam	kaH	mftasUtakaH
26595.030	mfdga	gaH	mfdgaH
26602.020	mfdvaNga	NgI	mfdvaNgI
26602.036	mfdugamana	nA	mfdugamanA
26614.022	mfzArTaka	kam	mfzArTakam
26628.090	meGapuzpam	zpaH	meGapuzpaH
26690	mEtrAyaRam	RAH	mEtrAyaRAH
26822.040	mlecCaBojanaH	nam	mlecCaBojanam
26830.020	mlAnANga	NgI	mlAnANgI
26858.028	yajYANgam	gaH	yajYANgaH
26885.026	yaTADIta	tam	yaTADItam
26885.040	yaTABipreta	tam	yaTABipretam
26885.050	yaTArTa	rTam	yaTArTam
26885.050	yaTArTa	arTataH	None
26885.068	yaTAgata	tam	yaTAgatam
26885.088	yaTecCa	cCam	yaTecCam
26885.088	yaTecCa	zwam	None
26885.088	yaTecCa	tam	None
26885.100	yaTocita	tam	yaTocitam
26885.110	yaToddizwa	zwam	yaToddizwam
26885.142	yaTAkAma	mam	yaTAkAmam
26885.148	yaTAkAlaH	lam	yaTAkAlam
26885.150	yaTAkfta	tam	yaTAkftam
26885.178	yaTAtaTa	Tam	yaTAtaTam
26885.178	yaTAtaTa	Tam	yaTAtaTam
26885.206	yaTApUrva	rvam	yaTApUrvam
26885.228	yaTAprApta	ptam	yaTAprAptam
26885.282	yaTAvIrya	ryam	yaTAvIryam
26885.284	yaTAvftta	ttam	yaTAvfttam
26885.314	yaTAsaMKyam	Kyam	yaTAsaMKyam
26885.330	yaTAsTAnam	nam	yaTAsTAnam
26885.332	yaTAsTita	tam	yaTAsTitam
26908.050	yamadaMzwrA	zwrAH	yamadaMzwrAH
26930.056	yavamaDyaH	Dyam	yavamaDyam
26930.056	yavamaDyaH	Dyamam	None
26934.024	yavanezwaH	zwA	yavanezwA
26934.024	yavanezwaH	zwam	yavanezwam
26946.028	yaSoda	daH	yaSodaH
26946.028	yaSoda	dA	yaSodA
26946.042	yaSaHSeza	zaH	yaSaHSezaH
27042.030	yAvadarTa	rTam	yAvadarTam
27187.020	raktAkta	ktam	raktAktam
27187.022	raktAkza	kzaH	raktAkzaH
27187.026	raktANgaH	Ngam	raktANgam
27187.038	raktAmbara	ram	raktAmbaram
27187.038	raktAmbara	raH	raktAmbaraH
27187.084	raktaGnaH	DnI	None
27187.112	raktapaH	pA	raktapA
27187.126	raktapAda	daH	raktapAdaH
27187.184	raktavarRa	rRaH	raktavarRaH
27187.184	raktavarRa	rRam	raktavarRam
27198.024	rakzoGnaH	Gnam	rakzoGnam
27209.036	raGuvaMSaH	Sam	raGuvaMSam
27248.060	raRapriya	yaH	raRapriyaH
27248.074	raRaraRaH	Ram	raRaraRam
27248.076	raRaraRakaH	kaH	raRaraRakaH
27258.052	ratnagarBaH	rBA	ratnagarBA
27261.022	raTANgam	NgaH	raTANgaH
27306.028	ramApriyaH	yam	ramApriyam
27329.024	rasADika	kaH	rasADikaH
27329.032	rasAyanam	naH	rasAyanaH
27329.032	rasAyanam	nI	rasAyanI
27329.054	rasottamam	maH	rasottamaH
27329.084	rasagraha	haH	rasagrahaH
27329.096	rasajYa	jYaH	rasajYaH
27329.096	rasajYa	jYA	rasajYA
27329.156	rasaSoDanaH	nam	rasaSoDanam
27361.048	rAgapawwaH	wwI	rAgapawwI
27379.074	rAjezwaH	zwam	rAjezwam
27379.124	rAjaGa	GaH	rAjaGaH
27379.226	rAjaprezyaH	zyam	rAjaprezyam
27427.022	rAmAyanam	Ram	None
27427.048	rAmadUtaH	tI	rAmadUtI
27427.056	rAmavallaBaH	Bam	rAmavallaBam
27535.020	rukkara	raH	rukkaraH
27548.020	rudrAkzaH	kzam	rudrAkzam
27612.026	reRurUzita	taH	reRurUzitaH
27647.074	rogahara	ram	rogaharam
27679.082	romaharzaRa	RaH	romaharzaRaH
27679.082	romaharzaRa	Ram	romaharzaRam
27752.030	laGukAya	yaH	laGukAyaH
27752.126	laGuhasta	staH	laGuhastaH
27829.020	lambodara	raH	lambodaraH
27829.020	lambodara	rI	lambodarI
27849.022	lalajjihva	hvaH	lalajjihvaH
28143.052	lokAlokaH	kO	lokAlokO
28143.062	lokAyata	taH	lokAyataH
28143.062	lokAyata	tam	lokAyatam
28143.070	lokottara	raH	lokottaraH
28143.086	lokakalpa	lpaH	lokakalpaH
28143.088	lokakAnta	ntA	lokakAntA
28143.164	lokabAhya	hyaH	lokabAhyaH
28143.262	lokahita	tam	lokahitam
28210.020	lohitAkzaH	kzam	lohitAkzam
28231.040	vaMSakara	raH	vaMSakaraH
28231.072	vaMSaja	jaH	vaMSajaH
28231.072	vaMSaja	jam	vaMSajam
28231.072	vaMSaja	jA	vaMSajA
28231.076	vaMSaDara	raH	vaMSaDaraH
28231.090	vaMSapatram	traH	vaMSapatraH
28231.092	vaMSapatrakaH	kam	vaMSapatrakam
28231.106	vaMSaBojya	jyam	vaMSaBojyam
28248.020	vakrANgam	NgaH	vakrANgaH
28248.042	vakragati	tiH	vakragatiH
28288.026	vacanakara	raH	vacanakaraH
28316.020	vawapatram	trA	vawapatrA
28364.022	vatsAdanaH	nI	vatsAdanI
28364.030	vatsakAma	mA	vatsakAmA
28407.044	vanArdrakam	kA	vanArdrakA
28407.046	vanASa	SaH	vanASaH
28407.092	vanagocara	raH	vanagocaraH
28407.092	vanagocara	ram	vanagocaram
28407.108	vanacara	raH	vanacaraH
28407.116	vanajaH	jam	vanajam
28407.154	vanaprasTa	sTaH	vanaprasTaH
28407.156	vanapriyaH	yam	vanapriyam
28478.030	vayogata	tam	vayogatam
28478.044	vayaHsTa	sTaH	vayaHsTaH
28478.044	vayaHsTa	sTA	vayaHsTA
28486.020	varANga	NgaH	varANgaH
28486.020	varANga	NgI	varANgI
28486.020	varANga	Ngam	varANgam
28486.036	varAroha	haH	varArohaH
28486.036	varAroha	hA	varArohA
28486.040	varAsanam	naH	varAsanaH
28486.058	varatanu	nuH	varatanuH
28486.064	varada	daH	varadaH
28486.064	varada	dA	varadA
28486.104	varalabDa	bDaH	varalabDaH
28574.074	varRada	dam	varRadam
28576	varRanam	nA	varRanA
28645.040	varzakaraH	rI	varzakarI
28730.036	vaSaga	gA	vaSagA
28757.032	vasantatilakaH	kaH	vasantatilakaH
28757.032	vasantatilakaH	kA	vasantatilakA
28757.032	vasantatilakaH	kam	vasantatilakam
28816.036	vahnidIpakaH	kA	vahnidIpakA
28834.020	vAgurAvfttiH	ttiH	vAgurAvfttiH
28841.032	vAgISaH	SA	vAgISA
28841.034	vAgISvaraH	rI	vAgISvarI
28841.072	vAgdatta	ttA	vAgdattA
28841.080	vAgduzwa	zwaH	vAgduzwaH
28841.098	vAkpati	tiH	vAkpatiH
28841.138	vAgvidagDa	gDA	vAgvidagDA
28881.020	vAwyapuzpam	zpI	vAwyapuzpI
28897.032	vAtAyanaH	nam	vAtAyanam
28971.052	vAmaSIla	laH	vAmaSIlaH
28989	vAyava	vI	vAyavI
28995.042	vAravARiH	RiH	vAravARiH
29013.042	vAricara	raH	vAricaraH
29013.046	vArija	jaH	vArijaH
29013.046	vArija	jam	vArijam
29013.052	vAridaH	dam	vAridam
29013.074	vAriBavaH	vam	vAriBavam
29384.020	vicitrANga	NgaH	vicitrANgaH
29384.024	vicitradeha	haH	vicitradehaH
29655.028	viDijYa	jYaH	viDijYaH
29786.028	vinDyavAsin	nI	vinDyavAsinI
29853.028	viprapriya	yaH	viprapriyaH
29853.028	viprapriya	yam	viprapriyam
29997.022	viBrAntaSIla	laH	viBrAntaSIlaH
30154.020	virUpAkza	kzaH	virUpAkzaH
30194	vilasat	ntI	None
30291.020	vivftAkza	kzaH	vivftAkzaH
30340.020	viSAlAkza	kzaH	viSAlAkzaH
30340.020	viSAlAkza	kzI	viSAlAkzI
30365.024	viSIrRamUrti	rtiH	viSIrRamUrtiH
30396.034	viSvakadru	druH	viSvakadruH
30396.050	viSvaganDaH	nDam	viSvaganDam
30396.106	viSvaBezajam	jaH	viSvaBezajaH
30396.110	viSvamUrti	rtiH	viSvamUrtiH
30396.118	viSvarUpa	paH	viSvarUpaH
30396.118	viSvarUpa	pam	viSvarUpam
30423.026	vizAntaka	kaH	vizAntakaH
30423.058	vizaGna	GnaH	vizaGnaH
30423.058	vizaGna	GnI	vizaGnI
30423.066	vizadaH	dam	vizadam
30652.022	vItaBaya	yaH	vItaBayaH
30652.028	vItarAga	gaH	vItarAgaH
30701.026	vfkzAmlaH	mlam	vfkzAmlam
30701.050	vfkzacCAyA	yam	vfkzacCAyam
30710.058	vfttaPalaH	lam	vfttaPalam
30713.046	vfttisTa	sTaH	vfttisTaH
30758.024	vfzwijIvana	naH	vfzwijIvanaH
30806.078	vedabAhya	hyaH	vedabAhyaH
31546.020	SakunajYa	jYA	SakunajYA
31560.028	Saktigraha	haH	SaktigrahaH
31560.030	SaktigrAhaka	kaH	SaktigrAhakaH
31560.034	SaktiDara	raH	SaktiDaraH
31568.020	SakrASanaH	nam	SakrASanam
31583.020	SaNkukarRa	rRaH	SaNkukarRaH
31610.034	SatAvaraH	rI	SatAvarI
31610.050	SatakumBaH	mBam	SatakumBam
31610.054	Satakowi	wiH	SatakowiH
31610.094	SataDAra	ram	SataDAram
31610.100	SatapatraH	trA	SatapatrA
31610.100	SatapatraH	tram	Satapatram
31610.162	SatamuKa	Kam	SatamuKam
31610.162	SatamuKa	KI	SatamuKI
31610.182	Satavarza	rzam	Satavarzam
31637.020	SanEScara	raH	SanEScaraH
31654.034	SabdArTaH	rTO	SabdArTO
31654.038	SabdAKyeya	yam	SabdAKyeyam
31675.004	SambaH	mBaH	None
31695.038	SarAvaraH	ram	SarAvaram
31736.020	Sarmada	daH	SarmadaH
31783.024	SaSikAntaH	tam	SaSikAntam
31783.040	SaSipraBa	Bam	SaSipraBam
31794.096	Sastrahasta	staH	SastrahastaH
31801.026	SAkAKyaH	Kyam	SAkAKyam
31802	SAkawa	wI	SAkawI
31959.024	SAlAmuKam	KaH	SAlAmuKaH
31965.046	SAlihotraH	tram	SAlihotram
32007.034	SAstrAcaraRam	RaH	SAstrAcaraRaH
32035.026	SiKADara	raH	SiKADaraH
32035.040	SiKAvala	laH	SiKAvalaH
32064.020	Sipivizwa	zwaH	SipivizwaH
32107.030	SivAlayaH	yam	SivAlayam
32107.050	SivatAti	tiH	SivatAtiH
32107.076	SivapriyaH	yam	Sivapriyam
32107.076	SivapriyaH	yA	SivapriyA
32107.098	SivavallaBaH	BA	SivavallaBA
32117.038	SiSupriyaH	yam	SiSupriyam
32143.096	SItaSivaH	vam	SItaSivam
32162.024	SIrRaparRam	rRaH	SIrRaparRaH
32171.036	SIlavftta	ttam	SIlavfttam
32181.034	SukanAsa	saH	SukanAsaH
32181.040	SukapuzpaH	yA	None
32186.022	Sukrakara	raH	SukrakaraH
32238.022	SuBANga	NgI	SuBANgI
32267.020	SuzkANga	NgI	SuzkANgI
32315.030	SfNgajaH	jam	SfNgajam
32337	SF	qiRqIrapiRqa	None
32491.020	SyAmANga	NgaH	SyAmANgaH
32539.030	SravaRagocara	raH	SravaRagocaraH
32571.026	SrIkaraH	ram	SrIkaram
32571.052	SrIGanam	naH	SrIGanaH
32571.094	SrIPalaH	lam	SrIPalam
32577.032	SrutaDara	raH	SrutaDaraH
32579.030	Srutikawu	wuH	SrutikawuH
32594.026	SrezWakAzWaH	zWam	SrezWakAzWam
32674.028	SvaHSreyasa	sam	SvaHSreyasam
32693.090	Svetarakta	ktaH	SvetaraktaH
32708.054	zawkarRa	rRaH	zawkarRaH
32708.058	zawkoRa	Ram	zawkoRam
32708.066	zaqguRa	Ram	zaqguRam
32708.088	zaqdarSanam	naH	zaqdarSanaH
32708.112	zaqBuja	jaH	zaqBujaH
32708.112	zaqBuja	jA	zaqBujA
32708.120	zaRmuKaH	KA	zaRmuKA
32730.022	zoqaSANga	NgaH	zoqaSANgaH
33173.030	saMKyAvAcaka	kaH	saMKyAvAcakaH
33350.050	satkfta	taH	satkftaH
33350.050	satkfta	tam	satkftam
33350.058	sadguRa	RaH	sadguRaH
33350.070	sajjana	naH	sajjanaH
33350.118	sadvftta	ttam	sadvfttam
33350.136	satsahAya	yaH	satsahAyaH
33350.138	satsAra	raH	satsAraH
33378.024	satyAnfta	tam	satyAnftam
33378.024	satyAnfta	te	satyAnfte
33378.082	satyarata	taH	satyarataH
33378.090	satyavadya	dyam	satyavadyam
33378.118	satyasaMDaH	DA	satyasaMDA
33404.020	sadAnanda	daH	sadAnandaH
33404.030	sadAdAna	naH	sadAdAnaH
33404.034	sadApuzpa	zpaH	sadApuzpaH
33404.038	sadAPala	laH	sadAPalaH
33411.028	sadyojAta	taH	sadyojAtaH
33446	sanirveda	dam	sanirvedam
33511.020	saMdigDArTa	rTaH	saMdigDArTaH
33641.078	saptaparRaH	rRI	saptaparRI
33641.106	saptaSatam	tI	saptaSatI
33688.040	samakakza	kzA	samakakzA
33688.046	samakAlaH	lam	samakAlam
33688.066	samacaturasra	sram	samacaturasram
33688.112	samaBAva	vaH	samaBAvaH
33688.148	samavftti	ttiH	samavfttiH
33817.022	samAnADikaraRa	Ram	samAnADikaraRam
34054.044	samudraga	gaH	samudragaH
34054.044	samudraga	gA	samudragA
34380.020	sarasIjam	haH	None
34421.020	sarvANgam	NgaH	sarvANgaH
34421.102	sarvaga	gaH	sarvagaH
34421.102	sarvaga	gam	sarvagam
34421.150	sarvadevamaya	yaH	sarvadevamayaH
34421.236	sarvavedas	sam	None
34421.268	sarvasaha	haH	sarvasahaH
34421.268	sarvasaha	hA	sarvasahA
34424.024	sarvatoBadraH	drA	sarvatoBadrA
34424.026	sarvatomuKa	KaH	sarvatomuKaH
34424.026	sarvatomuKa	Kam	sarvatomuKam
34522.026	sahArTa	rTaH	sahArTaH
34522.070	sahacara	raH	sahacaraH
34522.070	sahacara	rI	sahacarI
34522.078	sahaja	jaH	sahajaH
34530.038	sahasrAkza	kzaH	sahasrAkzaH
34530.062	sahasrada	daH	sahasradaH
34530.076	sahasraDAraH	rA	sahasraDArA
34682.056	sADuvftta	ttam	sADuvfttam
34759.034	sAmaja	jaH	sAmajaH
34759.034	sAmaja	taH	None
34777.030	sAmAnyavacana	nam	sAmAnyavacanam
34977.024	siMhAsanam	naH	siMhAsanaH
34977.074	siMhasaMhanana	nam	siMhasaMhananam
35004.046	sitAsitaH	tO	sitAsitO
35009.030	sidDArTa	rTaH	sidDArTaH
35009.084	sidDarasa	saH	sidDarasaH
35009.106	sidDasADanaH	nam	sidDasADanam
35009.110	sidDasADya	Dyam	sidDasADyam
35014.020	sidDida	daH	sidDidaH
35025.022	sindUratilakaH	kA	sindUratilakA
35029.030	sinDuja	jaH	sinDujaH
35029.030	sinDuja	jam	sinDujam
35059.026	sItAPalaH	lam	sItAPalam
35088.048	sUkta	ktA	sUktA
35088.048	sUkta	ktam	sUktam
35088.054	sUtTAna	nam	sUtTAnam
35088.066	sukaRWa	RWI	sukaRWI
35088.074	sukara	raH	sukaraH
35088.074	sukara	rA	sukarA
35088.074	sukara	ram	sukaram
35088.098	sukumAra	raH	sukumAraH
35088.098	sukumAra	rA	sukumArA
35088.100	sukumArakaH	kam	sukumArakam
35088.106	sukfta	tam	sukftam
35088.126	suga	gaH	sugaH
35088.126	suga	gam	sugam
35088.132	sugata	taH	sugataH
35088.136	suganDaH	nDam	suganDam
35088.136	suganDaH	nDA	suganDA
35088.144	suganDi	nDiH	suganDiH
35088.144	suganDi	nDi	suganDi
35088.146	suganDikaH	kam	suganDikam
35088.164	sugrIva	vaH	sugrIvaH
35088.168	suGoza	zaH	suGozaH
35088.172	sucarita	tam	sucaritam
35088.172	sucarita	tram	None
35088.172	sucarita	tA	sucaritA
35088.172	sucarita	trA	None
35088.200	sucCatraH	trA	sucCatrA
35088.202	sujana	naH	sujanaH
35088.216	sutanu	nuH	sutanuH
35088.216	sutanu	nUH	None
35088.236	sutAra	raH	sutAraH
35088.236	sutAra	rA	sutArA
35088.240	sutIkzRa	kzRaH	sutIkzRaH
35088.244	sutuNga	NgaH	sutuNgaH
35088.248	sutejana	naH	sutejanaH
35088.252	sudakziRa	RA	sudakziRA
35088.258	sudantaH	ntI	sudantI
35088.262	sudarSana	naH	sudarSanaH
35088.262	sudarSana	nI	sudarSanI
35088.262	sudarSana	nam	sudarSanam
35088.262	sudarSana	nam	sudarSanam
35088.278	sudIrGa	rGA	sudIrGA
35088.322	suDI	DIH	suDIH
35088.322	suDI	syam	None
35088.334	sunayana	naH	sunayanaH
35088.334	sunayana	nA	sunayanA
35088.336	sunABa	BaH	sunABaH
35088.336	sunABa	Bam	sunABam
35088.342	suniBfta	tam	suniBftam
35088.356	sunIta	tam	sunItam
35088.360	sunITa	TaH	sunITaH
35088.362	sunIla	laH	sunIlaH
35088.362	sunIla	lA	sunIlA
35088.362	sunIla	lam	sunIlam
35088.368	supakva	kvaH	supakvaH
35088.384	suparRa	rRaH	suparRaH
35088.410	supItam	taH	supItaH
35088.416	supuzpa	zpaH	supuzpaH
35088.416	supuzpa	zpI	supuzpI
35088.416	supuzpa	zpam	supuzpam
35088.420	supUra	raH	supUraH
35088.432	supratizWa	zWA	supratizWA
35088.434	supratizWita	taH	supratizWitaH
35088.438	supratIka	kaH	supratIkaH
35088.442	supraBa	BA	supraBA
35088.458	suprasAda	daH	suprasAdaH
35088.462	supriya	yaH	supriyaH
35088.462	supriya	yA	supriyA
35088.466	suPala	laH	suPalaH
35088.466	suPala	lA	suPalA
35088.474	subala	laH	subalaH
35088.480	subAhu	huH	subAhuH
35088.482	subIjam	jaH	subIjaH
35088.484	suboDa	DaH	suboDaH
35088.488	suBaga	gaH	suBagaH
35088.488	suBaga	gam	suBagam
35088.498	suBadra	draH	suBadraH
35088.498	suBadra	drA	suBadrA
35088.502	suBAzita	tam	suBAzitam
35088.518	suBrU	BrUH	suBrUH
35088.522	sumati	tiH	sumatiH
35088.538	sumana	naH	sumanaH
35088.538	sumana	nA	sumanA
35088.556	sumuKa	KaH	sumuKaH
35088.556	sumuKa	Kam	sumuKam
35088.556	sumuKa	KA	sumuKA
35088.556	sumuKa	KI	sumuKI
35088.586	suraNgaH	Ngam	suraNgam
35088.594	surata	tam	suratam
35088.598	surasa	saH	surasaH
35088.598	surasa	sA	surasA
35088.598	surasa	sA	surasA
35088.598	surasa	sam	surasam
35088.606	surUpa	paH	surUpaH
35088.612	sureBa	Bam	sureBam
35088.614	sulakzaRa	Ram	sulakzaRam
35088.628	sulocana	naH	sulocanaH
35088.628	sulocana	nA	sulocanA
35088.632	sulohita	tA	sulohitA
35088.634	suvaktram	ktraH	suvaktraH
35088.664	suvaha	hA	suvahA
35088.674	suvikrAnta	ntaH	suvikrAntaH
35088.674	suvikrAnta	ntam	suvikrAntam
35088.690	suvidallaH	llam	suvidallam
35088.700	suvinIta	tA	suvinItA
35088.712	suvIja	jaH	suvIjaH
35088.712	suvIja	jam	suvIjam
35088.720	suvIrya	ryam	suvIryam
35088.720	suvIrya	ryA	suvIryA
35088.724	suvftta	ttam	suvfttam
35088.724	suvftta	ttA	suvfttA
35088.726	suvela	laH	suvelaH
35088.728	suvrata	taH	suvrataH
35088.728	suvrata	tA	suvratA
35088.746	suSiKaH	KA	suSiKA
35088.750	suSIma	maH	suSImaH
35088.752	suSIla	lA	suSIlA
35088.760	suSruta	taH	suSrutaH
35088.790	susaha	haH	susahaH
35088.796	susAra	raH	susAraH
35088.808	susTa	sTam	susTam
35088.810	susTita	tam	susTitam
35088.818	susmita	tA	susmitA
35088.824	suhita	tA	suhitA
35091.066	suKAsvAda	daH	suKAsvAdaH
35091.102	suKada	daH	suKadaH
35091.102	suKada	dA	suKadA
35091.102	suKada	dam	suKadam
35105.022	sutAtmajaH	jA	sutAtmajA
35135.060	sureSaH	rI	None
35172.050	sUkzmabudDi	dDiH	sUkzmabudDiH
35180.020	sUcyagra	gram	sUcyagram
35180.032	sUcipatrakam	kaH	sUcipatrakaH
35180.040	sUcimuKa	KaH	sUcimuKaH
35180.040	sUcimuKa	Kam	sUcimuKam
35180.046	sUcivadana	naH	sUcivadanaH
35183.022	sUcikAmuKa	Kam	sUcikAmuKam
35236.036	sUryAhva	hvaH	sUryAhvaH
35236.036	sUryAhva	hvam	sUryAhvam
35236.092	sUryaBakta	ktaH	sUryaBaktaH
35404.034	somakAnta	ntaH	somakAntaH
35404.042	somaja	jaH	somajaH
35404.042	somaja	jam	somajam
35495	sOmerava	ravI	sOmeravI
35495	sOmerava	rukI	None
35563.026	skanDopAneya	yaH	skanDopAneyaH
35585.068	stanamaDyaH	Dyam	stanamaDyam
35601.020	stambakari	riH	stambakariH
35605.022	stamBakara	raH	stamBakaraH
35689.118	strIpriya	yaH	strIpriyaH
35751.030	sTitisTApaka	kaH	sTitisTApakaH
35762.054	sTiraganDaH	nDA	sTiraganDA
35762.086	sTirayOvana	naH	sTirayOvanaH
35775.056	sTUlanAsa	saH	sTUlanAsaH
35775.056	sTUlanAsa	kaH	sTUlanAsakaH
35775.066	sTUlapawwaH	wwam	sTUlapawwam
35775.068	sTUlapAda	daH	sTUlapAdaH
35826.048	snehapriya	yaH	snehapriyaH
35960.068	smaraDvajaH	jam	smaraDvajam
35960.068	smaraDvajaH	jA	smaraDvajA
36014.022	sragDara	rA	sragDarA
36054.048	svArTa	rTaH	svArTaH
36054.094	svacCanda	ndaH	svacCandaH
36054.094	svacCanda	ndam	svacCandam
36054.096	svaja	jaH	svajaH
36054.096	svaja	jA	svajA
36054.096	svaja	jam	svajam
36054.106	svatantra	ntram	svatantram
36054.106	svatantra	ntraH	svatantraH
36054.160	svarUpa	pam	svarUpam
36054.190	svasTa	sTam	svasTam
36054.204	svahita	tam	svahitam
36087.038	svayaNkfta	taH	svayaNkftaH
36087.044	svayaNgrAha	haH	svayaNgrAhaH
36087.050	svayandatta	ttaH	svayandattaH
36087.066	svayamBU	BUH	svayamBUH
36091.026	svarodaya	yaH	svarodayaH
36102.030	svarRakAya	yaH	svarRakAyaH
36134	svAdu	du	svAdu
36134.038	svAduPalam	lA	svAduPalA
36250.052	hayagrIvaH	vA	hayagrIvA
36258.036	haricandanaH	nam	haricandanam
36258.044	haritAlaH	lam	haritAlam
36258.044	haritAlaH	lI	haritAlI
36258.046	haritAlakaH	kam	haritAlakam
36258.066	harinetram	traH	harinetraH
36258.072	haripriyaH	yam	haripriyam
36260.020	hariRAkza	kzaH	hariRAkzaH
36260.020	hariRAkza	kzI	hariRAkzI
36269.022	haridrAMBa	BaH	haridrAMBaH
36302.020	halipriyaH	yA	halipriyA
36323.020	haviraSanam	naH	haviraSanaH
36341.046	hastidantaH	ntam	hastidantam
36443.038	hitakara	raH	hitakaraH
36465.038	hiraRyada	daH	hiraRyadaH
36465.038	hiraRyada	dA	hiraRyadA
36465.040	hiraRyanABaH	Bam	hiraRyanABam
36478.020	hInANga	gI	hInANgI
36490.036	hutahomaH	mam	hutahomam
36530.032	hfdgata	tam	hfdgatam
36531.024	hfdayeSaH	SA	hfdayeSA
36531.024	hfdayeSaH	rI	None
36560.022	hemANga	NgaH	hemANgaH
36560.076	hemacCanna	nnam	hemacCannam
36652.022	hrasvANga	NgaH	hrasvANgaH
